datetime,daily_ret_gross,cost,daily_ret_net,bench_ret,nav,bench_nav
2023-01-03,0.0,0.0,0.0,0.004202366,1.0,1.0042023658752441
2023-01-04,2.5414919946342706e-16,0.0004740980865591326,-0.00047409808655887845,0.0012989044,0.9995259019134412,1.0055067287657948
2023-01-05,0.02495663693139653,0.00034207207955863845,0.02461456485183789,0.019427538,1.0241287970471813,1.0250412488657878
2023-01-06,0.006834088863393957,0.0003326187520986575,0.0065014701112953,0.0031018257,1.0307871398113004,1.0282207481695445
2023-01-09,0.0017354330932257103,0.0003369284424401937,0.0013985046507855167,0.008096099,1.0322287004202966,1.036545325037594
2023-01-10,0.0024787592041370372,0.00034420537843568724,0.00213455382570135,0.0010839701,1.0344320481417775,1.0376689091460143
2023-01-11,-0.005086242100107907,0.0003446988442073227,-0.00543094094431523,-0.0018519163,1.0288141087774125,1.035747233165496
2023-01-12,0.0027617210297980407,0.00031691717887201936,0.0024448038509260212,0.0019550323,1.0313293574724385,1.0377721525113415
2023-01-13,0.01351174585913288,0.0003284602494492672,0.013183285609683612,0.014064789,1.0449256669496492,1.0523681986779878
2023-01-16,0.005793249889344444,0.0003480652098276464,0.0054451846795167975,0.015604854,1.0506154801825571,1.068790250383294
2023-01-17,-0.001955678981936477,0.0003421891444347659,-0.002297868126371243,-0.00017404556,1.0482013043575735,1.0686042321827105
2023-01-18,0.002145295185728694,0.00034046322415049726,0.0018048319615781966,-0.0016750693,1.050093131573846,1.0668142460052046
2023-01-19,0.004271113228526585,0.00033262190612769036,0.003938491322398895,0.0062223673,1.0542289142602603,1.0734523560705138
2023-01-20,0.003998573683376469,0.0003488573790939684,0.003649716304282501,0.0061405897,1.0580765507170822,1.0800439865667235
2023-01-30,0.005485801382475936,0.0002632104399303983,0.005222590942545537,0.0047398806,1.0636024517273772,1.085163266064571
2023-01-31,-0.009702531539276756,0.0003376370666271318,-0.010040168605903888,-0.010589421,1.0529237037823815,1.0736720156084585
2023-02-01,0.008504889581376567,0.0003269004849887466,0.00817798909638782,0.009398818,1.0615345023512421,1.0837632634920904
2023-02-02,-0.00133884570990929,0.00032524421715475157,-0.0016640899270640415,-0.003522396,1.0597680134786485,1.079945820012831
2023-02-03,-0.008736737779816312,0.0003258214571529627,-0.009062559236969275,-0.009451985,1.050163803079053,1.0697381879333492
2023-02-06,-0.011474886611335017,0.00034723369062387196,-0.011822120301958889,-0.013219476,1.0377486402622897,1.0555968099032287
2023-02-07,0.004642996910933719,0.00030845892839905024,0.0043345379825346685,0.0017983913,1.0422468011598303,1.0574951860669737
2023-02-08,-0.007844151364580719,0.00035058549062438725,-0.008194736855205106,-0.0044184327,1.0337058628861462,1.052822714743486
2023-02-09,0.016241477382153657,0.00033336159190557854,0.01590811579024808,0.013424516,1.0501501754459974,1.0669563498323362
2023-02-10,-0.005657255451095622,0.00033893097189761884,-0.005996186422993241,-0.0059431195,1.0438532792218842,1.0606153007163546
2023-02-13,0.00950449591274041,0.0003272909431831629,0.009177204969557247,0.009073973,1.053432934723448,1.0702392950024062
2023-02-14,-0.000112804640626744,0.00032838193536514427,-0.0004411865759918883,0.00041508675,1.05296817425394,1.070683537149041
2023-02-15,-0.009237466026120102,0.000327456543723483,-0.009564922569843586,-0.0052107573,1.0428966151986916,1.0651044651394392
2023-02-16,-0.009579104257059698,0.0003140641774512662,-0.009893168434510964,-0.0073235035,1.0325790633247496,1.0573041688672358
2023-02-17,-0.009654840123848714,0.00032348009648543516,-0.009978320220334149,-0.014408231,1.0222756587780826,1.0420702863958962
2023-02-20,0.018637195397478948,0.0003462445377781525,0.018290950859700797,0.024533391,1.0409740526178608,1.0676358041803202
2023-02-21,0.005998781162943454,0.0003239683709517413,0.005674812791991712,0.0026273727,1.046881385487788,1.0704408813902857
2023-02-22,-0.0058510705778491,0.00033816532186614504,-0.006189235899715245,-0.009024322,1.0404019896339836,1.060780878159408
2023-02-23,-0.0001754784140931096,0.0003352509824950442,-0.0005107293965881537,-0.0008035302,1.0398706257536088,1.0599285086710215
2023-02-24,-0.010057632582771139,0.00034778522022135643,-0.010405417802992496,-0.010380983,1.0290503374315831,1.0489254084674966
2023-02-27,-0.004345607731706098,0.0003315276239944196,-0.0046771353557005175,-0.0042378306,1.0242373297155865,1.0444802402335875
2023-02-28,0.007610368918127269,0.0003252615086360319,0.007285107409491237,0.006335616,1.031699008675375,1.0510976660720215
2023-03-01,0.005024385899072686,0.00033587826117149053,0.004688507637901196,0.014124751,1.0365361373575648,1.0659441589776235
2023-03-02,-0.004500898936576836,0.0003238929574365909,-0.004824791894013427,-0.002229154,1.03153506620419,1.063568005174656
2023-03-03,0.0017813076969668237,0.00032182081770572437,0.0014594868792610993,0.0031108856,1.0330405780988126,1.0668766435879706
2023-03-06,-0.0024201799588838167,0.000327865880387794,-0.0027480458392716107,-0.0052148104,1.0302017352363695,1.061313084201985
2023-03-07,-0.012558189282951063,0.00031767752846956606,-0.012875866811420628,-0.014640987,1.0169369949045717,1.0457744132187923
2023-03-08,-0.005988826885235528,0.00034011646528400166,-0.00632894335051953,-0.003640473,1.010500858272773,1.0419672998195153
2023-03-09,-0.005525792858107398,0.00031912859460349904,-0.005844921452710898,-0.0035349727,1.0045945601282718,1.0382839738940224
2023-03-10,-0.013264934087860945,0.00032654527784231374,-0.01359147936570326,-0.013112366,0.9909406338933906,1.0246696142092586
2023-03-13,0.012864189725857166,0.00032429442488218015,0.012539895300974985,0.01047349,1.0033669256918956,1.0354014809224483
2023-03-14,-0.008289925533878834,0.00031978631597257457,-0.008609711849851409,-0.0059844255,0.9947282255820171,1.0292051978509558
2023-03-15,-0.0012062736898318914,0.00033998162488194593,-0.0015462553147138373,0.0005520582,0.993190121776515,1.0297733790404031
2023-03-16,-0.01137004966393341,0.0003230116219216361,-0.011693061285855046,-0.011976659,0.9815766888140764,1.0174401341255446
2023-03-17,-0.00049463818974855,0.00033130846685874106,-0.000825946656607291,0.0049934387,0.9807659588297468,1.0225206590872844
2023-03-20,0.0010231281980371866,0.0003372700019292476,0.000685858196107939,-0.004986346,0.9814386252010739,1.0174220175261777
2023-03-21,0.015223616549059254,0.00034405280275705974,0.014879563746302194,0.010992408,0.9960420037878365,1.0286059352462698
2023-03-22,-0.002057752347615501,0.0003380399473831862,-0.0023957922949986873,0.004283905,0.9936556940296666,1.0330123853854358
2023-03-23,4.633272223161252e-05,0.00033629553601494946,-0.00028996281378333694,0.009913921,0.9933675708286939,1.0432535889341288
2023-03-24,0.0005220505303236371,0.00033309692755179965,0.0001889536027718375,-0.002980888,0.9935552712100788,1.04014376694482
2023-03-27,0.0015643807885300286,0.00027308087350224865,0.00129129991502778,-0.0036179423,0.9948382490473678,1.0363805867777538
2023-03-28,0.0015036881892449062,0.00034397452962386287,0.0011597136596210433,-0.003232479,0.9959919765539016,1.0330305081960551
2023-03-29,-0.0005085353304322246,0.0003305057915961357,-0.0008390411220283603,0.0016577244,0.9951562983283625,1.034742988055285
2023-03-30,0.007404879365307603,0.00031913125341734115,0.007085748111890262,0.008085012,1.0022077251902783,1.0431088979816858
2023-03-31,-0.003238650817047919,0.0003148264779349748,-0.0035534772949828938,0.0030704737,0.9986464027939582,1.046311736388882
2023-04-03,0.010467663519536024,0.00033565067582837536,0.010132012843707648,0.009785414,1.008764700973389,1.0565503296326262
2023-04-04,-0.000350742967537266,0.000333453860569249,-0.000684196828106515,0.003065586,1.0080745073646773,1.0597892756266258
2023-04-06,8.26407914532974e-05,0.00034042888627222194,-0.00025778809481892453,-0.0015768409,1.0078146377579882,1.0581181565752467
2023-04-07,0.001599720535525166,0.00033964524575800956,0.0012600752897671565,0.0065028667,1.0090845600796927,1.0649989579479153
2023-04-10,0.009044513995126091,0.0002375093643168857,0.008807004630809205,-0.0044793487,1.0179715724731928,1.060228456293246
2023-04-11,0.0018034905052402674,0.00032101739913665097,0.0014824731061036166,-0.0011352897,1.0194806879521623,1.0590247898799974
2023-04-12,-0.006646373290888732,0.0003438614631084039,-0.006990234753997136,-0.00069755316,1.01235427861621,1.0582860637936213
2023-04-13,-0.0021128265469847487,0.0003033293041677198,-0.0024161558511524685,-0.00690943,1.0099082729024922,1.0509739102872815
2023-04-14,5.915604860485985e-05,0.0003311414572713675,-0.0002719854086665076,0.0056574345,1.0096335925881712,1.0569197263075811
2023-04-17,0.01555188809709212,0.00033704919412791894,0.015214838902964201,0.01402235,1.0249950050504213,1.0717402249607675
2023-04-18,0.0004834786734051343,0.0003140381004919808,0.00016944057291315353,0.0030486584,1.02516868079131,1.0750075947691011
2023-04-19,-0.013591146542868787,0.00032205501567363857,-0.013913201558542426,-0.009002805,1.0109053023039556,1.065329511282001
2023-04-20,-0.011765288966077703,0.0003255400329859388,-0.012090828999063642,-0.0027979016,0.9986826191595517,1.0623488241054702
2023-04-21,-0.014722982277546752,0.000327541126678615,-0.015050523404225366,-0.01955992,0.9836519230264977,1.0415693662700776
2023-04-24,-0.01150041437674079,0.0003297026881402821,-0.011830117064881072,-0.012381613,0.972015205625999,1.0286730571991378
2023-04-25,0.00035687936299181694,0.00032602613794137657,3.085322505044037e-05,-0.0050143003,0.9720451954298905,1.023514981532118
2023-04-26,0.0021175390731107816,0.0003470099403645052,0.0017705291327462765,-0.00086802244,0.9737662297667453,1.022626547558564
2023-04-27,0.008190321468820884,0.00033517227783050346,0.00785514919099038,0.0073726177,0.9814153087787113,1.0301659821656297
2023-04-28,0.013311774280804501,0.00031960537671721015,0.012992168904087291,0.010196924,0.9941660222354213,1.0406705066090753
2023-05-04,-0.004896595974712478,0.00033559401256126354,-0.005232189987273742,0.00028800964,0.9889643567281934,1.0409702297507417
2023-05-05,-0.007766667683325963,0.00034801097943236827,-0.008114678662758331,-0.0033174157,0.9809392287644226,1.0375168987524857
2023-05-08,0.018582545476790068,0.0003224324411050945,0.018260113035684974,0.011396885,0.9988512899627986,1.0493413594482688
2023-05-09,-0.011001562868695618,0.00034467552505082304,-0.011346238393746442,-0.0085609555,0.9875180851069795,1.0403579947400718
2023-05-10,-0.0028931426968747884,0.0003421806550872937,-0.003235323351962082,-0.0076987743,0.984323144785748,1.0323485133080745
2023-05-11,0.001392934170652964,0.0003248672045653088,0.001068066966087655,-0.0015536547,0.9853744678206492,1.0307446002185674
2023-05-12,-0.013789470573848751,0.0003220915985344049,-0.014111562172383156,-0.013255954,0.971469294754919,1.017081097430059
2023-05-15,0.009394462633688698,0.00032404821790123467,0.009070414415787464,0.0155239105,0.9802809238505589,1.0328701733806496
2023-05-16,-0.007461875134072211,0.00033503982024325654,-0.007796914954315468,-0.0051713586,0.9726377568559583,1.0275288313419777
2023-05-17,-0.0013273341749757241,0.0003366411699302394,-0.0016639753449059634,-0.004534662,0.9710193116090254,1.0228693356330552
2023-05-18,0.011282483805723198,0.0003316263148541588,0.01095085749086904,-0.0010353327,0.9816528057113376,1.0218103255827615
2023-05-19,0.0005827235591969824,0.000329103216845268,0.0002536203423517144,-0.002914548,0.9819017728319926,1.0188322104234677
2023-05-22,0.004232009834519522,0.0003259536391170405,0.0039060561954024817,0.0062847137,0.9857371363350398,1.0252352792202841
2023-05-23,-0.006618790587547015,0.00034023173125181385,-0.006959022318798829,-0.014143467,0.9788773696028154,1.0107348979332087
2023-05-24,-0.0059592719228224065,0.0003276377940468865,-0.006286909716869293,-0.013824999,0.972723255956236,0.9967614886440205
2023-05-25,0.005863187968860199,0.0003339566039439663,0.005529231364916233,-0.0022259355,0.9781016678924527,0.9945427619021456
2023-05-26,-0.0010988262591910105,0.0003354251808739623,-0.0014342514400649728,0.00011694431,0.976698824166748,0.9946590680222345
2023-05-29,0.0032760431098969233,0.0003319231451277138,0.0029441199647692096,-0.0044171214,0.979574342674544,0.9902655381568549
2023-05-30,-0.004565254390769392,0.00034801875242188653,-0.004913273143191278,0.0009937286,0.974761426364922,0.9912495933810441
2023-05-31,-0.01067178594118633,0.00033100634093673843,-0.011002792282123069,-0.010216892,0.9640363288660028,0.9811221035727804
2023-06-01,0.0076716207026920795,0.00032950897606232336,0.0073421117266297565,0.002192974,0.9711143913010669,0.9832736789256071
2023-06-02,0.019684031299500467,0.0003434254642908754,0.019340605835209593,0.014437079,0.9898963319641204,0.9974692791293172
2023-06-05,-0.014832781422223017,0.0003318308633986819,-0.015164612285621699,-0.004552245,0.9748849378869254,0.9929285544510259
2023-06-06,-0.015892392186233856,0.0003325249217237968,-0.01622491710795765,-0.00938803,0.9590675105799136,0.9836069118156322
2023-06-07,-0.0109851640180286,0.00033007284299753885,-0.011315236861026139,-0.0049420595,0.9482154345319872,0.9787458679161986
2023-06-08,-1.8576116904377526e-06,0.00032868545937147386,-0.0003305430710619116,0.008141279,0.9479020084902287,0.9867141113128942
2023-06-09,0.020536379310918004,0.00034431339020563707,0.020192065920712366,0.0043216944,0.9670421083320391,0.9909783881365849
2023-06-12,0.002318581671881407,0.0003309459336239877,0.0019876357382574194,0.0020147562,0.9689642357869596,0.9929749679908225
2023-06-13,0.018066543617651695,0.0003423945294084136,0.017724149088243282,0.0053271055,0.9861383023632234,0.9982646504261689
2023-06-14,3.4473641417878365e-05,0.00035272226331538916,-0.0003182486218975108,-0.00023025274,0.9858244652074959,0.9980347972524005
2023-06-15,0.014157912121401143,0.00032546509582542695,0.013832447025575716,0.015910983,0.9994608298989951,1.0139145120303559
2023-06-16,0.0025068157476639107,0.0003279847583004382,0.0021788309893634727,0.009642005,1.001638486127834,1.023690680791198
2023-06-19,-0.0075386156307111485,0.0003389193002451143,-0.007877534930956262,-0.008184969,0.9937480439651719,1.0153118038680584
2023-06-20,-0.004877609825446151,0.0003372238798222952,-0.005214833705268446,-0.001696825,0.9885658131709577,1.0135889973885737
2023-06-21,-0.007148737768683459,0.00032561054856013394,-0.007474348317243593,-0.01534307,0.9811769279487988,0.998037430419788
2023-06-26,-0.010417085062587067,0.0003261011565353155,-0.010743186219122382,-0.014060438,0.9706359614979384,0.9840045873277711
2023-06-27,0.008646951354763427,0.0003286183367760742,0.008318333017987352,0.009378672,0.9787100346649127,0.9932332432505923
2023-06-28,0.0004946011243068241,0.0003316030869746764,0.00016299803733214765,-0.0012040734,0.9788695624796803,0.9920373174934878
2023-06-29,-0.004307576892732999,0.0003312156318096939,-0.004638792524542693,-0.0049365163,0.9743287896707471,0.9871401091204104
2023-06-30,0.004872019132731258,0.0003138032115863468,0.004558215921144911,0.0053926706,0.978769990672254,0.9924634305959495
2023-07-03,0.01296917883830115,0.00035389776215132604,0.012615281076149825,0.013124347,0.991117449213485,1.0054888647790061
2023-07-04,0.0015752980023729676,0.0003356862940808122,0.0012396117082921555,0.0015747547,0.9923460500078227,1.0070722631096625
2023-07-05,-0.010164348646405327,0.0003347188739899314,-0.010499067520395259,-0.007745564,0.981927341825193,0.9992719204593182
2023-07-06,-0.00764926492837906,0.00032576350450405525,-0.007975028432883115,-0.006735921,0.9740964433551118,0.9925409038394507
2023-07-07,-0.0043047342930024185,0.00031715151046668715,-0.0046218858034691055,-0.00443691,0.9695942808323591,0.9881370890264981
2023-07-10,0.003177262754160825,0.0003353715388384865,0.0028418912153223386,0.0048696995,0.9723497623014833,0.9929490196932705
2023-07-11,0.007787561181753789,0.0003312236078617395,0.00745633757389205,0.006544709,0.9795999303690969,0.9994475822831759
2023-07-12,-0.0027337773892161317,0.0003302441549913972,-0.003064021544207529,-0.006732166,0.9765984150777418,0.9927191354373978
2023-07-13,0.01290701048005285,0.0003477666702482322,0.012559243809804617,0.014304876,0.9888637526769719,1.006919859897787
2023-07-14,-0.0005669266413781788,0.0003295256897819135,-0.0008964523311600922,0.00017440319,0.9879772834606849,1.0070954699340446
2023-07-17,-0.004249822694888087,0.00033576489679213974,-0.004585587591680226,-0.008189023,0.9834468270887856,0.9988483424297693
2023-07-18,-0.0001233126737686514,0.00032468586318610507,-0.0004479985369547565,-0.0031625628,0.983006244349077,0.9956894217720761
2023-07-19,0.0020141998910116446,0.0003247631252171753,0.0016894367657944694,-0.0010557771,0.9846669712392859,0.9946381957088336
2023-07-20,-0.008571355068247154,0.00032613159769530396,-0.008897486665942457,-0.0070581436,0.9759059099922904,0.9876178964778374
2023-07-21,-0.00017471490144529547,0.00033001472904006795,-0.0005047296304853634,-0.00046557188,0.9754133413629515,0.9871580893567162
2023-07-24,0.0008099946830712437,0.0003335961018628322,0.00047639858120841153,-0.0043669343,0.9758780268948686,0.9828472348373061
2023-07-25,0.014104693202456277,0.0003493755022529304,0.013755317700203346,0.02888143,0.9893015391914551,1.0112332690661325
2023-07-26,-0.0027152160099751252,0.0003326669059688457,-0.003047882915943971,-0.0020714402,0.9862862639314365,1.009138559800909
2023-07-27,-0.00305101608984763,0.00032748578549734883,-0.0033785018753449787,-0.0011927485,0.9829540939391171,1.0079349112503881
2023-07-28,0.008686699637616476,0.0003365455978573136,0.008350154039759163,0.023162961,0.9911619120375208,1.0312816682964328
2023-07-31,-0.002533525540691681,0.0003321944261678346,-0.0028657199668595157,0.0054825544,0.9883215195558043,1.0369357261814385
2023-08-01,0.001509236916006034,0.0003245163774719716,0.0011847205385340624,-0.0041424036,0.9894924043586972,1.0326403198936398
2023-08-02,-0.009478190643073895,0.0003172456479287649,-0.00979543629100266,-0.00702852,0.9797998945513706,1.0253823866416905
2023-08-03,0.005857097565074751,0.0003285546121810732,0.005528542952893678,0.008836627,0.9852167603536386,1.0344433083315094
2023-08-04,-0.0002614291803600357,0.0003339592936922316,-0.0005953884740522674,0.0038950443,0.9846301736500809,1.038472510871004
2023-08-07,-0.002606627576629707,0.0003311694131623526,-0.0029377969897920594,-0.007568598,0.9817375300898733,1.030612730116533
2023-08-08,-0.0011885140368826826,0.00032847668628004247,-0.001516990723162725,-0.0026114583,0.9802482433641463,1.0279213279467931
2023-08-09,-0.0063742841146567615,0.00032231998541282773,-0.006696604100069589,-0.003055513,0.973683908958548,1.0247805010638027
2023-08-10,0.005916263736477382,0.0003352026801367143,0.005581061056340668,0.0020542145,0.9791180983040221,1.0268856200053877
2023-08-11,-0.02196113456171941,0.00032518242814377204,-0.02228631698986318,-0.023007214,0.9572971619947066,1.0032598427211696
2023-08-14,-0.0056055735040058206,0.0003267274563713579,-0.0059323009603771786,-0.007296145,0.951618187121239,0.9959399134738108
2023-08-15,-0.007826502407827856,0.0003233339525596086,-0.008149836360387464,-0.0024300218,0.9438626546186324,0.9935197578095806
2023-08-16,-0.008288083115112692,0.0003324786055024922,-0.008620561720615184,-0.0073338747,0.9357260283487088,0.9862334083913931
2023-08-17,0.004300881739728195,0.00033444754028940526,0.00396643419943879,0.0033444166,0.9394375240688561,0.9895317837919864
2023-08-18,-0.012312642783424794,0.0003249708777001469,-0.012637613661124942,-0.012294114,0.9275652755809101,0.9773663675955973
2023-08-21,-0.009514587775358057,0.00033673714059708176,-0.009851324915955138,-0.014386952,0.9184275286704051,0.9633050446534803
2023-08-22,0.0068091349999283264,0.00033566251545623875,0.0064734724844720875,0.007687211,0.9243729440062347,0.9707101738244321
2023-08-23,-0.021203666054163114,0.00032201290416801107,-0.021525678958331126,-0.01639074,0.9044751887757891,0.9547995149040156
2023-08-24,0.0022894940976069798,0.000338208424146955,0.0019512856734600248,0.007249832,0.9062400782536474,0.9617216511271414
2023-08-25,-0.008166696276556263,0.0003328703861282957,-0.008499566662684558,-0.0038352013,0.898537430296134,0.9580332550356727
2023-08-28,0.002456986308673173,0.0003335100262401007,0.002123476282433072,0.011719704,0.9004454532182462,0.9692611208948316
2023-08-29,0.017902074608872023,0.00033286153780745,0.01756921307106457,0.0099903345,0.9162655712447089,0.9789443637208871
2023-08-30,0.009854232221295568,0.00032841272034148247,0.009525819500954085,-0.0004221797,0.9249937516913245,0.9785310732841284
2023-08-31,0.00023508180646239802,0.0003471864022466574,-0.00011210459578425938,-0.006134331,0.9248900556406882,0.9725284395653289
2023-09-01,-0.0003036260864014414,0.0003234721717358556,-0.000627098258137297,0.0069636106,0.9243100586978273,0.9793007489636473
2023-09-04,0.00810647191812668,0.00032468459458760094,0.007781787323539078,0.015154958,0.9315028429956217,0.994142010459595
2023-09-05,-0.0029548171108635724,0.0003415043642673731,-0.0032963214751309455,-0.0074384212,0.9284323101701097,0.9867471634040814
2023-09-06,-0.005634276649389002,0.00032711569764409066,-0.005961392347033093,-0.002169907,0.9228975609015234,0.9846060137351658
2023-09-07,-0.018169206023999254,0.00032639194698441427,-0.018495597970983668,-0.014050245,0.9058280186466874,0.970772057733067
2023-09-08,-0.010696345456679043,0.00032435397758997153,-0.011020699434269015,-0.0049169064,0.8958451603140428,0.9659988624313842
2023-09-11,0.010321399807324785,0.0003403138932090233,0.009981085914115763,0.0073662996,0.9047866678248822,0.9731146994935311
2023-09-12,0.00019845514232783078,0.00033367141237344416,-0.00013521627004561338,-0.001842022,0.9046643259464718,0.9713222008648463
2023-09-13,-0.007023093854872575,0.00031432932696377015,-0.007337423181836345,-0.006368637,0.8980264209494918,0.9651362022749725
2023-09-14,-0.0035533809994076713,0.00033184464347971014,-0.0038852256428873813,-0.0008403659,0.8945373856708284,0.9643251347345728
2023-09-15,-0.0027064936372036053,0.0003461426702255362,-0.0030526363074291417,-0.0066238046,0.8918066883689769,0.9579376335008808
2023-09-18,0.00471350300437308,0.00033420948613338346,0.004379293518239696,0.005104184,0.895712171618874,0.9628271235871511
2023-09-19,-0.0031747633650755784,0.0003395361519755926,-0.0035142995170511712,-0.0019341707,0.8925643707667369,0.9609648515534356
2023-09-20,-0.006444936426527233,0.0003249407050817384,-0.006769877131608972,-0.0039806366,0.8865218196445942,0.9571395996972191
2023-09-21,-0.007618682829999649,0.00032406123177619204,-0.007942744061775841,-0.008972704,0.8794804037259774,0.9485514689895009
2023-09-22,0.015736401341770786,0.0003428942616823585,0.015393507080088428,0.01810515,0.8930186915475321,0.9657251349249837
2023-09-25,-0.004061406667073919,0.0003342656067256461,-0.004395672273799564,-0.0065071583,0.8890932740451118,0.9594410086176136
2023-09-26,-0.00863641736602356,0.00033077893893221865,-0.00896719630495578,-0.0058445334,0.8811206001233335,0.9538335235557297
2023-09-27,-0.0012618757560256312,0.00033493907276908836,-0.0015968148287947195,0.0020606518,0.8797136136831001,0.9557990423030814
2023-09-28,-0.0024257610003130766,0.0003322328526433437,-0.00275799385295642,-0.0029671788,0.8772873689442,0.9529630156270888
2023-10-09,-0.001162482258492016,0.0003280616591078262,-0.0014905439175998422,-0.0012982488,0.8759797335924331,0.9517258325662417
2023-10-10,-0.0073801357089149314,0.00033144643959637514,-0.007711582148511306,-0.0074903965,0.869224543916404,0.9445970287213764
2023-10-11,-0.0023927131331910154,0.0003321152984793368,-0.002724828431670352,0.0028492212,0.866856056165635,0.9472883946289823
2023-10-12,0.0035228019533161685,0.00033296990904873366,0.003189832044267435,0.009496808,0.8696211813913594,0.9562846106827206
2023-10-13,-0.007770537746271169,0.00032587081986411396,-0.008096408566135284,-0.010525703,0.8625803730090497,0.9462190424758332
2023-10-16,-0.006683697191395645,0.00032931389910635,-0.007013011090501994,-0.010048032,0.8565310872866878,0.9367114034406983
2023-10-17,-7.950265519065179e-05,0.0003283662096040043,-0.0004078688647946561,0.0035295486,0.8561817349244549,0.9400175719054867
2023-10-18,-0.009323009052098853,0.00031906974622723734,-0.009642078798326091,-0.007918894,0.8479263631706258,0.9325736721219561
2023-10-19,-0.0178855607284722,0.00032157247075635567,-0.018207133199228558,-0.02133733,0.8324880549332407,0.9126750396122543
2023-10-20,-0.010886068738716899,0.00032156244753105416,-0.011207631186247954,-0.00649482,0.8231578358465921,0.9067473794038294
2023-10-23,-0.01172856643779251,0.0003083790674919868,-0.012036945505284497,-0.0103544,0.8132495298342588,0.8973585546277001
2023-10-24,0.0007501049722887207,0.0003400286866214466,0.0004100762856672741,0.0037101507,0.813583024180774,0.9006878901140737
2023-10-25,-0.004530578951801115,0.0003291840786833633,-0.004859763030484478,0.004969716,0.8096292034776305,0.9051640531975037
2023-10-26,0.003618706684719762,0.00033021263280197497,0.0032884940519177872,0.0027621984,0.8122916642975255,0.9076642959405952
2023-10-27,0.026521765348403396,0.0003442377817430182,0.026177527566660377,0.013730288,0.8335554517318425,0.9201267877244341
2023-10-30,0.008213660490570606,0.0003440450071505204,0.007869615483420085,0.0060015917,0.8401152126210807,0.9256490130004259
2023-10-31,-0.00024704623343453993,0.0003257331829747963,-0.0005727794164093363,-0.0031419396,0.839634011919879,0.9227406796737112
2023-11-01,-0.006211542882124958,0.0003322375731992587,-0.006543780455324217,-0.0004143119,0.8341396312830522,0.9223583772425801
2023-11-02,-0.00910605363369178,0.00033339574512072895,-0.00943944937881251,-0.004715681,0.8262658124586946,0.9180088292976812
2023-11-03,0.014214300241882041,0.00034587381406745756,0.013868426427814584,0.008426666,0.8377248190885964,0.925744583325691
2023-11-06,0.030448983438831442,0.000342059584157669,0.030106923854673773,0.013523459,0.8629461364280672,0.9382638526450127
2023-11-07,0.0020603614882460596,0.0003290003024884232,0.0017313611857576363,-0.0035374165,0.8644402078740783,0.9349448226505979
2023-11-08,0.001413797649562844,0.0003443165118734533,0.0010694811376893909,-0.0024007559,0.86536471037106,0.9327002483680279
2023-11-09,0.0033131439745776735,0.0003445090619039047,0.002968634912673769,0.00048744678,0.8679336622624634,0.9331548901054385
2023-11-10,-0.005744610695892563,0.0003193203984916953,-0.006063931094384258,-0.007290721,0.8626705723400072,0.9263515182082228
2023-11-13,-0.0035412150224822503,0.0003287941822771982,-0.0038700092047594488,-0.0019741058,0.8593320292843762,0.924522802270903
2023-11-14,0.004126416480267358,0.0003370270784302577,0.0037893894018371003,0.0007404089,0.8625883729688055,0.9252073271795535
2023-11-15,0.009575934899200826,0.00026523074619067254,0.009310704153010154,0.007032275,0.8706196781153444,0.9317136397212349
2023-11-16,-0.010343283598982301,0.0003212215173841786,-0.01066450511636648,-0.009672105,0.8613349501036739,0.9227020072769005
2023-11-17,-0.0016226505508041647,0.00034668600708227327,-0.001969336557886438,-0.0012009144,0.8596386916978495,0.9215939211651991
2023-11-20,0.007942907520075383,0.0003285262164795202,0.007614381303595863,0.0023121834,0.8661843084797611,0.9237248153129434
2023-11-21,0.001404296531083477,0.00031798075873999573,0.0010863157723434813,0.0013282299,0.8671252581558192,0.9249517342358704
2023-11-22,-0.010567002193794464,0.00032475495808274055,-0.010891757151877204,-0.010234356,0.8576807404237272,0.9154854489728544
2023-11-23,0.0067164392671596965,0.0003395197260705119,0.006376919541089185,0.0048244,0.8631501014973512,0.9199021169253838
2023-11-24,-0.010988798018840352,0.00033414328624099024,-0.011322941305081342,-0.006601095,0.8533767035606217,0.9138297554772596
2023-11-27,-0.006181812966355566,0.00034633899490034816,-0.0065281519612559145,-0.007368505,0.8478057307595823,0.9070961963539006
2023-11-28,0.0063571418296511605,0.000331794941770338,0.006025346887880823,0.0018736124,0.852914054380942,0.9087957430388922
2023-11-29,-0.008448135310158185,0.00033506491744959334,-0.008783200227607778,-0.0085859895,0.8454227394643734,0.9009928323540081
2023-11-30,0.003538145387342458,0.0003336437554517496,0.0032045016318907084,0.002261877,0.8481318980126245,0.9030307673726768
2023-12-01,-0.00029446406550595003,0.0003196765806902648,-0.0006141406461962148,-0.0038098693,0.8476110257407193,0.899590338184682
2023-12-04,-0.006045570858197518,0.000321942859324828,-0.006367513717522346,-0.006529093,0.8422138509071921,0.8937168293948595
2023-12-05,-0.016209423039190075,0.0003295003989305682,-0.016538923438120644,-0.01903963,0.8282845405085133,0.8767007908430963
2023-12-06,-0.002062689399768195,0.00032520224855551007,-0.002387891648323705,0.001573205,0.8263066867717973,0.8780800209056712
2023-12-07,0.0021201748794588897,0.0003293445978837109,0.0017908302815751787,-0.0024473667,0.8277864618083364,0.8759310370898589
2023-12-08,0.0057097350439862925,0.0002577771602645344,0.005451957883721758,0.0024120808,0.8322995187348304,0.8780438534956888
2023-12-11,0.011654831468379968,0.00033500682242720376,0.011319824645952764,0.005880356,0.8417210033398196,0.8832070637929438
2023-12-12,0.0009370711289032758,0.00032964705304667184,0.000607424075856604,0.0021494627,0.8422322849424024,0.8851054844328462
2023-12-13,-0.0077606992510472214,0.0003194639909459397,-0.008080163241993161,-0.016689062,0.8354269105923909,0.8703339040216946
2023-12-14,-0.0021124567171335582,0.0003288482510858264,-0.0024413049682193845,-0.0052379966,0.8333873787249776,0.8657750980105231
2023-12-15,-0.009065669900959701,0.000336328723941733,-0.009401998624901434,-0.0031056404,0.8255518717361952,0.8630863118789778
2023-12-18,-0.0010996801655027508,0.00032606211531449684,-0.0014257422808172477,-0.0036450028,0.824374847527653,0.8599403598193313
2023-12-19,0.0002760733762147253,0.0003452523704192821,-6.917899420455682e-05,0.0014026165,0.8243178181048535,0.8611465263577646
2023-12-20,-0.004688704277398544,0.00033718681691713865,-0.005025891094315683,-0.010959685,0.8201748865239545,0.8517086318202572
2023-12-21,0.004540516415445159,0.0003342339051017853,0.004206282510343374,0.010119796,0.823624773804563,0.8603277492547414
2023-12-22,0.002711177100662959,0.0003255591145293885,0.0023856179861335702,0.0019093752,0.8255896278787764,0.8619704377150692
2023-12-25,0.003956099313674423,0.0003389462975620553,0.003617153016112367,0.0030623674,0.8285759118913293,0.8646101079171412
2023-12-26,-0.005069406301853619,0.00033853854300236637,-0.005407944844855985,-0.0067692995,0.8240950190600448,0.8587573031397485
2023-12-27,0.00677102671080633,0.00033911996164959473,0.006431906749156735,0.0034799576,0.8293955213750835,0.8617457421266764
2023-12-28,0.004395348324096969,0.0003171656316587971,0.004078182692438172,0.023432732,0.832777947835541,0.8819387988338627
2023-12-29,0.004906113307398006,0.00034349341568976657,0.004562619891708239,0.0048527718,0.8365775970657113,0.8862186465300393
2024-01-02,-0.0017087880545028184,0.0003260647983126559,-0.0020348528528154742,-0.013045371,0.8348752847557207,0.8746575958722427
2024-01-03,0.0006882457678294053,0.0003448812111942636,0.0003433645566351417,-0.0023771524,0.8351619513377164,0.8725784014314858
2024-01-04,-0.005267784893778206,0.00033292352765106227,-0.0056007084214292685,-0.009250283,0.830484452763602,0.8645068040680283
2024-01-05,-0.008505638200707249,0.0003078596123614455,-0.008813497813068694,-0.005359888,0.8231649798553825,0.8598731443566069
2024-01-08,-0.013573308736056493,0.0003414164280574953,-0.013914725164113987,-0.0129314065,0.8117108653959715,0.8487537751902566
2024-01-09,-0.002382232846898609,0.00032433044427761026,-0.0027065632911762194,0.0019598007,0.8095139185646418,0.8504171634501596
2024-01-10,-0.007115284361338521,0.00031650569055909056,-0.007431790051897612,-0.004668176,0.8034977810777805,0.8464472663096416
2024-01-11,0.0026970533668861274,0.0003359626977034152,0.0023610906691827124,0.0056574345,0.8053949121913921,0.8512359862455979
2024-01-12,0.00013665696853375678,0.0003341012505143846,-0.0001974442819806278,-0.0034894347,0.8052358915712436,0.8482656538410573
2024-01-15,0.003018076107652493,0.000334121678551466,0.002683954429101027,-0.0009895563,0.8073971080088974,0.8474262472085702
2024-01-16,0.005512921088123136,0.0003226389240921415,0.005190282164030995,0.0060836077,0.8115877268178863,0.8525816560289364
2024-01-17,-0.015540167325528546,0.0003183121830074499,-0.015858479508535996,-0.021751761,0.7987171794827654,0.8340365032418909
2024-01-18,0.0031690706543930866,0.00033679532033116473,0.0028322753340619218,0.014137149,0.800979366449106,0.8458274014404906
2024-01-19,-0.005816947791470958,0.00033193739728430385,-0.006148885188755261,-0.0015116334,0.7960542362862485,0.8445488204930955
2024-01-22,-0.025923557965875133,0.00032749284396237674,-0.02625105080983751,-0.015560687,0.7751569760821119,0.8314070609888947
2024-01-23,0.011357888391735587,0.00033140315004182843,0.011026485241693758,0.00404799,0.7837042330388772,0.8347725883290684
2024-01-24,0.01775820571311768,0.00034752022328320506,0.017410685489834474,0.013979316,0.7973490609573689,0.846442137927236
2024-01-25,0.026318546268755127,0.00033819229635903824,0.02598035397239609,0.020081758,0.818064471800599,0.8634401845245911
2024-01-26,-0.007128266918035359,0.00033815421101529396,-0.007466421129050653,-0.0027222037,0.8119564579434214,0.8610897244323195
2024-01-29,-0.0048228843398899395,0.0003409425623394747,-0.005163826902229414,-0.008956671,0.8077636553424543,0.8533772272748056
2024-01-30,-0.013233137890373151,0.00034274947493114687,-0.013575887365304297,-0.017833173,0.7967975469397386,0.8381588033118801
2024-01-31,-0.025824687004683565,0.000336552520807507,-0.026161239525491074,-0.009149373,0.7759523354609243,0.830490176141128
2024-02-01,0.0073469402961933656,0.0003478934836168139,0.006999046812576551,0.0007339716,0.7813832621811434,0.8310997323409768
2024-02-02,-0.04134104184627029,0.00030377221192234025,-0.041644814058192633,-0.011834502,0.7488427015194257,0.8212640807134183
2024-02-05,-0.022573565034246172,0.0003404887058393021,-0.022914053740085476,0.0065385103,0.7316836796139388,0.8266339243827195
2024-02-06,0.07590102388343661,0.00030276703353267155,0.07559825684990394,0.03476727,0.786997690358276,0.8553737292957988
2024-02-07,0.012046278323579082,0.0003254687564187239,0.011720809567160359,0.009644628,0.7962219404167604,0.8636234903489648
2024-02-08,0.03827887042891935,0.0003339791974387265,0.03794489123148063,0.006370306,0.8264344953419929,0.8691250362642428
2024-02-19,0.021250719986382047,0.00033080847576744745,0.0209199115106146,0.01155448,0.8437234318538669,0.8791673237647373
2024-02-20,0.00444553079429613,0.000337165008460743,0.004108365785835387,0.0020682812,0.847189756334003,0.8809856889890174
2024-02-21,0.018446689767297034,0.0003439311833150681,0.018102758583981967,0.013492227,0.8625262279677399,0.8928721475367843
2024-02-22,0.018609126032837122,0.00029654127101301915,0.018312584761824104,0.008620501,0.8783213126266957,0.9005691523887187
2024-02-23,0.010733036878174142,0.0003826174469537403,0.010350419431220403,0.0008804798,0.8874123066077622,0.9013620853472671
2024-02-26,0.008607252901039123,0.000348051871913823,0.0082592010291253,-0.010424852,0.8947416232437555,0.8919655186745107
2024-02-27,0.03417308056050876,0.0002767078090375882,0.03389637275147117,0.0119969845,0.9250701188214823,0.9026664151603597
2024-02-28,-0.0268703292689814,0.0003317665800375634,-0.027202095849018965,-0.012741804,0.8999062727822369,0.8911648165100438
2024-02-29,0.039408389715325474,0.0003453132989975244,0.03906307641632795,0.019076824,0.9350593802834624,0.9081654110373443
2024-03-01,0.011900552415222768,0.0002663610160514887,0.01163419139917128,0.006177306,0.9459380400832706,0.9137754268390773
2024-03-04,0.003172091429888313,0.0003228422625254527,0.0028492491673628604,0.0008677244,0.9486332532563547,0.9145683320900989
2024-03-05,-0.0060661202862849406,0.00025378778709840533,-0.006319908073383346,0.006958723,0.94263797830042,0.9209325598400936
2024-03-06,0.003534196550577809,0.00028752957511389533,0.0032466669754639137,-0.0040555,0.9456984098943859,0.9171977178155575
2024-03-07,-0.015956460329946454,0.0003246987185993401,-0.016281159048545796,-0.006006658,0.9303013436709386,0.9116884247354146
2024-03-08,0.007785824410358654,0.000324560377888126,0.0074612640324705284,0.0043034554,0.9372425676258296,0.9156118351669127
2024-03-11,0.03867985301757376,0.0003474209565500574,0.03833243206102371,0.012510896,0.9731693546740461,0.9270669593649837
2024-03-12,0.02543920588549279,0.00032432417254541396,0.025114881712947377,0.0022928715,0.9976103879033501,0.9291926047517304
2024-03-13,-0.004545068787410919,0.000337094050864342,-0.004882162838275261,-0.0069853663,0.9927398915404511,0.922701854002984
2024-03-14,-0.008053033284242313,0.0003186981024215239,-0.008371731386663837,-0.0028384328,0.9844289398316487,0.9200828268062503
2024-03-15,0.0012895814424310377,0.00034370282552482735,0.0009458786169062104,0.0021811724,0.9853600901156992,0.9220896860470295
2024-03-18,0.006213866280280725,0.0003102195509165272,0.005903646729364198,0.009395003,0.9911773079889569,0.9307527217076602
2024-03-19,-0.008946434933264875,0.00032822105479969415,-0.009274655988064569,-0.0071873665,0.9819844794341834,0.9240630607892816
2024-03-20,0.0024437147396911083,0.0003386487512665022,0.002105065988424606,0.0021662712,0.9840516215630011,0.9260648319938322
2024-03-21,-0.0077876478721895185,0.00032868087818722,-0.008116328750376739,-0.0011965632,0.9760647350950544,0.9249567368544315
2024-03-22,-0.011970788757888285,0.0003154473594690364,-0.01228623611735732,-0.010077953,0.9640725732938508,0.9156350660201674
2024-03-25,-0.00664484740766434,0.00033052317928403385,-0.006975370586948374,-0.00542742,0.9573478098224132,0.9106655298225886
2024-03-26,0.004321801408687593,0.00032940907764175995,0.003992392331045833,0.005102396,0.9611699178764918,0.9153121059896316
2024-03-27,-0.009490111833960868,0.0003349414641863623,-0.009825053298147231,-0.011558354,0.9517263722047794,0.9047326047388168
2024-03-28,0.006587786326251743,0.00033032062345844735,0.006257465702793295,0.005187273,0.9576817673372948,0.9094256997746802
2024-03-29,0.009059209379476466,0.00032533869693766876,0.008733870682538798,0.004691839,0.966046036048244,0.9136925789388671
2024-04-01,0.01561326410621971,0.00031675086219531745,0.015296513244024392,0.016443968,0.9808231720329932,0.9287173103035924
2024-04-02,-0.004110418578418999,0.0003269201229021122,-0.004437338701321111,-0.0041633844,0.9764709274125787,0.9248507031069809
2024-04-03,-0.0025755988343663587,0.0003316741067439483,-0.002907272941110307,-0.003597021,0.9736320599075312,0.9215239956108683
2024-04-08,0.00045971972346765664,0.0003269658611645472,0.00013275386230310944,-0.008798182,0.973761313323946,0.9134162597703018
2024-04-09,-0.004952534894514951,0.00032690398971797833,-0.005279438884232929,-0.00082570314,0.9686203999824219,0.9126620490927616
2024-04-10,-0.004606914379618775,0.00033694150184778246,-0.004943855881466557,-0.008144915,0.9638316803210604,0.9052284941843384
2024-04-11,0.003969082730918616,0.00033949309638657457,0.0036295896345320414,-0.00013411045,0.9673299937973873,0.9051070935829564
2024-04-12,-0.007099830941744529,0.0003256827022246858,-0.007425513643969215,-0.008104444,0.9601470717302241,0.8977717042362093
2024-04-15,0.02011699050578127,0.00033186024519659194,0.019785130260584677,0.021071196,0.9791437066137255,0.9166888274224858
2024-04-16,-0.015291056678185632,0.0003359899686748131,-0.015627046646860446,-0.010698497,0.963842582236493,0.9068816344816016
2024-04-17,0.019718530761122167,0.00035893685541814427,0.019359593905704024,0.015462279,0.9825021832176167,0.9209040916239195
2024-04-18,-0.000914227056728562,0.0003366699469445439,-0.001250897003673106,0.0012340546,0.9812731741805275,0.9220405375225109
2024-04-19,-0.012941331429872902,0.0002543887714470098,-0.013195720201319911,-0.007882774,0.9683245679329803,0.9147723004605401
2024-04-22,0.005490832856628962,0.0003565203752338188,0.005134312481395144,-0.0030381083,0.9732962488481601,0.9119931230972175
2024-04-23,-0.003888445265368045,0.0003075809095665693,-0.004196026174934615,-0.006989777,0.9692122723120276,0.9056184944608282
2024-04-24,0.011352527043164513,0.0003618162923215836,0.01099071075084293,0.0043922663,0.9798646040531762,0.9095962120307051
2024-04-25,-0.007574178281540368,0.0003441377421922488,-0.007918316023732616,0.0024591684,0.9721057264578136,0.9118330623231471
2024-04-26,0.014116063894178162,0.00031663914096365466,0.013799424753214507,0.01529336,0.9855202262822371,0.9257780533830985
2024-04-29,0.01727915669106234,0.0003593292555498303,0.01691982743551251,0.011059403,1.0021950584451398,0.9360166063523766
2024-04-30,-0.0072338280084438,0.00035635929868604806,-0.007590187307129848,-0.005386412,0.9945882102332613,0.9309748351372085
2024-05-06,0.012488557816026447,0.0003481229963470206,0.012140434819679427,0.014840245,1.0066629435720198,0.944790730009325
2024-05-07,-0.0034536277375501953,0.0003525707229339557,-0.003806198460484151,0.00030887127,1.0028313846259695,0.945082548721256
2024-05-08,-0.0034474401449099018,0.0003048210941221468,-0.0037522612390320487,-0.00786823,0.9990684992921527,0.9376464215348952
2024-05-09,0.011186835411306498,0.000334529519299493,0.010852305892007006,0.009459496,1.0099106962535394,0.9465160836816586
2024-05-10,-0.006482825717607889,0.0003076450120009651,-0.006790470729608854,0.00046944618,1.0030529272311108,0.9469604220435821
2024-05-13,-0.0019362464676661686,0.0003455080305243018,-0.00228175449819047,-0.0004336834,1.0007642067024782,0.9465497410324544
2024-05-14,-0.003332070720854972,0.00034059503699936913,-0.0036726657578543412,-0.0020847917,0.9970887342688358,0.9445763820262825
2024-05-15,-0.008506839710863048,0.00032851635401082103,-0.00883535606487387,-0.008473992,0.9882791002732962,0.9365720489931573
2024-05-16,0.00035298132500371815,0.00032303824666877904,2.9943078334939116e-05,0.0039436817,0.9883086923918126,0.9402655910593489
2024-05-17,0.006184429652430544,0.0003403264656172677,0.005844103186813276,0.010331392,0.9940844703705749,0.9499798437356868
2024-05-20,0.004101526359594305,0.0003430161234902073,0.0037585102361040977,0.0035318136,0.9978207470280149,0.9533349954879629
2024-05-21,-0.002086577583906967,0.00032917991054638783,-0.002415757494453355,-0.004009843,0.995410254080261,0.9495122719510866
2024-05-22,0.006249376957084266,0.00032537730236525345,0.005923999654719013,0.0022550821,1.001307064081736,0.9516535001081895
2024-05-23,-0.009147608322281986,0.00035951335889892035,-0.009507121681180905,-0.011578381,0.991787515983285,0.9406348932453753
2024-05-24,-0.005369561012873975,0.0003272237147960753,-0.00569678472767005,-0.011068702,0.9861375160091376,0.9302232861619681
2024-05-27,0.00913785814483712,0.0003338255444962678,0.008804032600340853,0.009504437,0.9948195028485012,0.9390645351966599
2024-05-28,-0.0038042781785624464,0.0003386906936668801,-0.0041429688722293264,-0.007299781,0.9906979966147132,0.9322095698898095
2024-05-29,-0.003006008028361639,0.0003270314261883505,-0.0033330394545499895,0.0012052059,0.9873959611044528,0.9333330743796588
2024-05-30,-0.006916495901364734,0.00032735199509679894,-0.007243847896461533,-0.0053161383,0.9802434149486318,0.9283713467066098
2024-05-31,-0.00318659732830338,0.00033577747019776353,-0.0035223747985011437,-0.004003525,0.97679063024742,0.924654589014774
2024-06-03,0.00025230169680137465,0.0003300616507252312,-7.775995392385657e-05,0.0024665594,0.9767146750530187,0.9269353044923961
2024-06-04,0.007152072201648875,0.0003393560654612096,0.006812716136187666,0.0075012445,0.9833687548802037,0.9338884728887717
2024-06-05,-0.005829371910842437,0.000320981740270565,-0.006150353651113002,-0.0057748556,0.9773206892682358,0.9284954017985324
2024-06-06,0.008517271912751274,0.00033328178701534574,0.008183990125735927,-0.00070655346,0.9853190721388845,0.9278393701605705
2024-06-07,0.002957440158172809,0.00032911097105602473,0.0026283291871167843,-0.005049765,0.9879088150148099,0.9231539992814346
2024-06-11,-0.011351572554300408,0.0003419164999429409,-0.011693489054243349,-0.008737862,0.9763567140998436,0.915087606929291
2024-06-12,0.004052165600973921,0.0003338638420407609,0.0037183017589331596,0.00034999847,0.9799871029872271,0.9154078861954034
2024-06-13,-0.00397745537669326,0.0003307346642074409,-0.004308190040900701,-0.0050760508,0.9757651323099265,0.9107612293004708
2024-06-14,0.0013962215892740991,0.0003368173860337901,0.001059404203240309,0.0043674707,0.976798861992471,0.9147389523217254
2024-06-17,-0.0012364056825131342,0.0003281544361361244,-0.0015645601186492586,-0.0015050173,0.9752706014490556,0.9133622543912628
2024-06-18,0.0037020081737232126,0.0003395694657035544,0.0033624387080196582,0.002655387,0.9785498890701615,0.9157875845791278
2024-06-19,-0.0010612577560974253,0.00032760189904859795,-0.0013888596551460233,-0.0047495365,0.9771908206086843,0.9114380180068429
2024-06-20,-0.0023785347461679485,0.0003346041983818334,-0.0027131389445497816,-0.007217884,0.9745395661370343,0.9048593640616021
2024-06-21,-0.0008403212984121064,0.00033060902896423465,-0.001170930327376341,-0.0021865368,0.9733984482038163,0.9028808557732642
2024-06-24,-0.010132400612720489,0.00033458426022719875,-0.010466984872947687,-0.005380988,0.9632099013711162,0.8980224646136403
2024-06-25,-0.006091966909383611,0.00033625356980925735,-0.006428220479192868,-0.005438864,0.957018175757361,0.8931382423521202
2024-06-26,0.010012807666715662,0.00033439307010788943,0.009678414596607773,0.0064663887,0.9662805944388301,0.8989136213921408
2024-06-27,-0.005377256585101227,0.00032426274832029496,-0.0057015193334215225,-0.00751096,0.9607713269481271,0.892161917046647
2024-06-28,0.010574977365178245,0.0003344902397239165,0.010240487125454329,0.0021828413,0.9706100933522449,0.894109364926324
2024-07-01,0.008811377126507248,0.0003243633825881203,0.008487013743919128,0.0047723055,0.9788476745545119,0.8983763279559585
2024-07-02,-0.007133983583600666,0.00032121159939565004,-0.007455195182996316,-0.001837194,0.971550174086286,0.8967258363871197
2024-07-03,-0.0068579623673756685,0.00034167952837830775,-0.007199641895753976,-0.0024137497,0.9645553607491073,0.8945613646731992
2024-07-04,-0.007880349264718846,0.00031932709416083224,-0.008199676358879679,-0.0050816536,0.9566463189607423,0.8900155136984857
2024-07-05,-0.0034032949043215524,0.00033066781739242115,-0.0037339627217139737,-0.004280627,0.9530742372678779,0.8862056894614202
2024-07-08,-0.014062671448889156,0.00033183024120294144,-0.014394501690092097,-0.008539617,0.9393552085487422,0.8786378322355952
2024-07-09,0.010878739294871721,0.0003271734585203119,0.010551565836351409,0.011185408,0.9492668768754637,0.8884657545558021
2024-07-10,0.00687672888376388,0.00027104762209314193,0.006605681261670738,-0.0031512976,0.9555374312963648,0.8856659345830864
2024-07-11,0.02205536449440527,0.0003545933995063629,0.02170077109489891,0.011431932,0.9762733303655349,0.8957908077199226
2024-07-12,0.003066070020942473,0.00033278413758811964,0.0027332858833543534,0.0012197495,0.9789417644777184,0.8968834480655664
2024-07-15,0.004119949136784405,0.0003113176921312464,0.0038086314446531587,0.0011087656,0.9826701928643926,0.897877881581885
2024-07-16,0.004579009957356247,0.00031631948629669445,0.004262690471059553,0.006337285,0.98685901173171,0.9035679896502051
2024-07-17,-0.003590929253736239,0.0003193968695292768,-0.003910326123265516,0.0009433031,0.9830000711581556,0.9044203281433261
2024-07-18,0.0063707628747283595,0.00030871773660273114,0.006062045138125628,0.005526066,0.988959061960297,0.9094182144113948
2024-07-19,0.008799275335661596,0.0003464326521695492,0.008452842683492046,0.0051379204,0.9973185773314612,0.9140907327888337
2024-07-22,-0.009941385642747293,0.00032084245036807145,-0.010262228093115364,-0.0068098307,0.9870838666093844,0.9078659296855581
2024-07-23,-0.017870777073800366,0.0003089878787135046,-0.01817976495251387,-0.021349013,0.9691389139260073,0.8884838882850669
2024-07-24,-0.002191796415289212,0.00033127541387349403,-0.002523071829162706,-0.0063112974,0.9666937068337352,0.8828764022161653
2024-07-25,-0.00023264381155788463,0.0003312079269322313,-0.0005638517384901159,-0.0055292845,0.9661486349065496,0.8779947274300753
2024-07-26,0.009435599958847825,0.0003536340954898566,0.00908196586335797,0.002947688,0.9749231638277008,0.8805827820423737
2024-07-29,-0.011406824300327736,0.0003101538060195875,-0.011716978106347323,-0.00544101,0.9635000104617608,0.8757915223209314
2024-07-30,-0.003987489721145024,0.00032759289949588606,-0.004315082620640911,-0.0062994957,0.9593424283116299,0.8702744773945827
2024-07-31,0.03222061837344502,0.000343095153002982,0.03187752322044204,0.021576643,0.9899238888464891,0.8890520790967322
2024-08-01,-0.008425861736540472,0.00033648848490577387,-0.008762350221446247,-0.0066268444,0.9812498290398401,0.8831604692996137
2024-08-02,-0.003923204106945112,0.0003282752170082698,-0.004251479323953382,-0.010200977,0.9770780656800444,0.8741513693775639
2024-08-05,-0.0095059806126184,0.0003515819233396872,-0.009857562535958087,-0.012135088,0.9674464575450904,0.8635434651969366
2024-08-06,0.007016250034606527,0.0003249410190633582,0.006691309015543169,-0.000101685524,0.9739199407485172,0.8634556553271926
2024-08-07,0.00458246751851626,0.0003289455610189865,0.004253521957497274,-0.00044572353,0.9780625306013354,0.863070792821367
2024-08-08,-0.006005089769786884,0.00034151170131233727,-0.006346601471099222,0.0004339218,0.971855157505794,0.8634452980653682
2024-08-09,-0.00450844782813696,0.00032663543414963284,-0.004835083262286592,-0.0033832192,0.9671561569003708,0.8605240733184562
2024-08-12,-0.0026722215993499445,0.00034538141776983795,-0.0030176030171197824,-0.0017318726,0.9642376635632823,0.8590337552898666
2024-08-13,0.0014364054860592586,0.00032906014747926925,0.0011073453385799894,0.0025647879,0.9653054076453124,0.8612369946407888
2024-08-14,-0.010676144272239795,0.0003285511439706573,-0.011004695416210453,-0.00754261,0.9546825156505548,0.8547410197275599
2024-08-15,0.009234429512829928,0.0003410524440938626,0.008893377068736066,0.009884477,0.9631728672431648,0.8631896873888394
2024-08-16,-0.004909789690701059,0.00032660724522031256,-0.005236396935921372,0.0011011362,0.95812931179237,0.8641401768076334
2024-08-19,-0.0006262412986513914,0.00033158004996451375,-0.0009578213486159052,0.0033894777,0.9572115950828006,0.8670691606923461
2024-08-20,-0.014558965252274474,0.0003259586495294133,-0.014884923901803888,-0.007229686,0.9429635733320688,0.860800523108076
2024-08-21,-0.0002686734102333409,0.00033112530324776895,-0.0005997987134811098,-0.0033186078,0.9423979849939247,0.8579438637716826
2024-08-22,0.002143812279276811,0.00033283249157057106,0.00181097978770624,-0.0025590062,0.9441046486967237,0.855748380092906
2024-08-23,-0.0001222758211904015,0.0003311204497920555,-0.00045339627098245697,0.0042407513,0.9436765951695874,0.8593773961195728
2024-08-26,-0.0019678198925485602,0.00032127514616253145,-0.0022890950387110917,-0.00089263916,0.9415164297574369,0.8586102822024433
2024-08-27,-0.00871038011939387,0.00033336858784884296,-0.009043748707242713,-0.005682528,0.9330015917629704,0.8537312052164682
2024-08-28,-0.005912821205176861,0.00033898549477803666,-0.006251806699954898,-0.0056968927,0.9271686461605181,0.8488675901129743
2024-08-29,-0.007945329399205241,0.00032882040017165857,-0.0082741497993769,-0.0026837587,0.9194971138929005,0.8465894343025927
2024-08-30,-0.0037239379354541053,0.00033418203136174884,-0.004058119966815854,0.013347864,0.9157656842955821,0.8578895950633365
2024-09-02,-0.006923615680761779,0.0003216223542042961,-0.0072452380349660745,-0.016986668,0.909130743928607,0.8433169092370644
2024-09-03,-0.0036289527577935163,0.00032904874986324433,-0.00395800150765676,0.0025788546,0.9055324030734805,0.845491700894694
2024-09-04,-0.008557103904215628,0.0003268475398193773,-0.008883951444035004,-0.0064977407,0.8974876971735753,0.839997915019771
2024-09-05,-0.00039989679645868384,0.0003307950286830587,-0.0007306918251417426,0.0017219782,0.8968319102500854,0.8414443731070318
2024-09-06,-0.012413636621652869,0.0003369477850584677,-0.012750584406711337,-0.008106828,0.8853967792798095,0.8346229285249099
2024-09-09,-0.008969881557265311,0.00032542759982207275,-0.009295309157087383,-0.011883557,0.8771667424897142,0.8247046395114767
2024-09-10,0.008334868773286723,0.00032762434668684876,0.008007244426599875,0.000880003,0.8841904309997137,0.8254303820481256
2024-09-11,-0.0010619150264197623,0.0003490533748407668,-0.001410968401260529,-0.0030133128,0.8829428662408761,0.8229431020986725
2024-09-12,-0.0024605585735604607,0.0003284824081102704,-0.0027890409816707313,-0.004287362,0.8804803024024564,0.8194148470333531
2024-09-13,-0.006997076975555434,0.00033532606119110627,-0.00733240303674654,-0.0041670203,0.8740242659593251,0.8160003287145242
2024-09-18,0.0022032853518556524,0.00033621867657476805,0.0018670666752808843,0.00372231,0.8756561275396847,0.8190377349521397
2024-09-19,0.007540124649242579,0.00032423665077810403,0.007215887998464475,0.007893443,0.8819747640811803,0.8255027627159661
2024-09-20,-0.0036327313587412023,0.000325061165470729,-0.003957792524211932,0.0015676022,0.8784840909533562,0.8267968226278984
2024-09-23,0.003281699365451636,0.0003306488076483168,0.002951050557803319,0.0036581755,0.8810765419199855,0.8298213904818239
2024-09-24,0.03455165150414529,0.00034258500399920425,0.03420906650014609,0.043311715,0.911217347934245,0.8657623781518651
2024-09-25,0.006238059537193951,0.0003311807600768845,0.005906878777117066,0.014803529,0.9165997983480987,0.8785787164384171
2024-09-26,0.03250895194598565,0.00034325075067105805,0.032165701195314596,0.04227209,0.9460828735774494,0.9157180758129317
2024-09-27,0.04918020400061055,0.000284358601827095,0.04889584539878346,0.044667363,0.9923423954983293,0.9566207876636795
2024-09-30,0.09982353289933985,0.00012889733432092524,0.09969463556501892,0.08482647,1.091273608973253,1.0377675516562954
2024-10-08,0.07133981422041501,0.00022052149780871325,0.0711192927226063,0.05929792,1.1688842162102768,1.09930500815894
2024-10-09,-0.0801589543752907,0.00011417953483731255,-0.08027313391012803,-0.070515275,1.0750542169969943,1.0217872131980577
2024-10-10,0.005245761049883456,0.0003968461120571081,0.004848914937826348,0.010568738,1.0802670634487643,1.0325862145294467
2024-10-11,-0.03239350683910672,0.00025064282252602166,-0.03264414966163274,-0.027670264,1.0450026637550103,1.004014281118623
2024-10-14,0.0181938919046946,0.0003683469455338699,0.017825544959160732,0.019080639,1.063630405720218,1.0231715150525305
2024-10-15,-0.027738499810283528,0.0003001041217812857,-0.028038603932064813,-0.02659452,1.0338076940441274,0.9959607601257793
2024-10-16,-0.0009713205245567735,0.0002976294068135364,-0.00126894993137031,-0.006327808,1.03249584384172,0.9896585117564889
2024-10-17,-0.014022402295955413,0.0003665350790235619,-0.014388937374978974,-0.011319041,1.0176393258047554,0.9784565262363895
2024-10-18,0.022896787817663997,0.00032277861937822424,0.022574009198285772,0.036167383,1.0406115253060093,1.0138447383594213
2024-10-21,0.0030787053432176628,0.00030983469732910433,0.0027688706458885584,0.0025399923,1.0434928440122024,1.0164198962211577
2024-10-22,0.007137479807618741,0.0003105935209658959,0.0068268862866528454,0.00573802,1.0506166509992099,1.022252133856378
2024-10-23,0.006935930797493525,0.0003029298233489895,0.006633000974144536,0.0038986206,1.05758539226874,1.0262375070894147
2024-10-24,-0.010051104659136589,0.00031999546555510315,-0.010371100124691692,-0.011169732,1.0466170682751095,1.0147747095599537
2024-10-25,-0.005201396248706819,0.0003879599959633881,-0.005589356244670207,0.0070225,1.0407671526287676,1.0219009649965491
2024-10-28,0.0008980143953506491,0.00033621940432938927,0.0005617949910212599,0.0019563437,1.041351850401934,1.0239001544611848
2024-10-29,-0.009197560258680702,0.0003409682839547763,-0.00953852854263548,-0.009966791,1.0314188860539488,1.0136951559484264
2024-10-30,-0.005440423406575119,0.00032077383079336715,-0.005761197237368486,-0.008968949,1.0254766784170453,1.0046033754708916
2024-10-31,-0.003887294105458983,0.00034595254859486524,-0.004233246654053848,0.00040876865,1.021135582699326,1.0050140258403557
2024-11-01,0.010267742158351415,0.00032264398364035277,0.009945098174711063,-0.00026214123,1.0312908763189617,1.004750570229744
2024-11-04,0.007857082504740142,0.0003629702715237047,0.007494112233216437,0.014071941,1.039019485891188,1.0188893613512506
2024-11-05,0.021310372509984694,0.0003480594000425893,0.020962313109942104,0.025301933,1.0607997376817702,1.044669232000598
2024-11-06,-0.004985367567581238,0.0003442593662016288,-0.005329626933782867,-0.0050165653,1.0551460708284714,1.0394285805574683
2024-11-07,0.014481913611078173,0.0003441182965053947,0.01413779531457278,0.030171871,1.07006351000482,1.0707900857963704
2024-11-08,-0.006195544353289111,0.0003460416785620361,-0.006541586031851148,-0.010046542,1.0630635974945788,1.0600323485572936
2024-11-11,-0.003358248670182493,0.0003359262778599329,-0.003694174948042426,0.0065983534,1.0591364545845383,1.067026816593587
2024-11-12,-0.007971827650634047,0.0003332666712154989,-0.008305094321849546,-0.010987222,1.0503402264295043,1.055303155872
2024-11-13,0.009541752706702617,0.0003190188260267311,0.009222733880675887,0.00615561,1.0600272348220325,1.061799190620526
2024-11-14,-0.002933441298904825,0.00033927048995115676,-0.003272711788855982,-0.017336965,1.056558071194122,1.0433908156327432
2024-11-15,-0.007090528441015031,0.00032599389518903375,-0.0074165223362040655,-0.017523944,1.0487220846596141,1.025106493015184
2024-11-18,0.002383793967565786,0.0003458440699443028,0.0020379498976214835,-0.004648745,1.0508593277246796,1.0203410342698396
2024-11-19,0.009310146897211654,0.000347759552809054,0.0089623873444026,0.0067107677,1.0602775360642267,1.027188305972509
2024-11-20,0.007479419925983949,0.0003210578290693014,0.007158362096914648,0.0022329092,1.067867386590599,1.0294819241936932
2024-11-21,-0.003512305405206712,0.00033238071039469946,-0.003844686115601411,0.000885725,1.0637617716760706,1.0303937620929917
2024-11-22,-0.031741306773439455,0.00031010205280040986,-0.032051408826239865,-0.030982912,1.0296667082383555,0.998469163262514
2024-11-25,-0.00508120622851347,0.0003271739633410775,-0.005408380191854547,-0.004555464,1.0240978792093072,0.9939206731429479
2024-11-26,0.0022474133302250923,0.00033616486917317074,0.0019112484610519214,-0.0020555854,1.0260551847049126,0.9918775843340131
2024-11-27,0.011500751653390656,0.00033646202426879264,0.011164289629121863,0.017410636,1.0375103619624204,1.009146803860014
2024-11-28,-0.011247520853358246,0.00032766324746123755,-0.011575184100819483,-0.008827686,1.0255009885161976,1.000238372434986
2024-11-29,0.011927967172309595,0.00026990630157710865,0.011658060870732486,0.011369705,1.0374563414633158,1.0116107878594949
2024-12-02,0.005221783460231611,0.00034136621859314945,0.004880417241638462,0.007927895,1.0425195612796405,1.0196307315540636
2024-12-03,0.007375756212876363,0.000308857467632514,0.007066898745243849,0.0010790825,1.0498869414591396,1.0207309972217438
2024-12-04,0.004061240927289667,0.00034001832953958283,0.003721222597750084,-0.0053973794,1.0537938044707802,1.015221724766086
2024-12-05,-0.0047116155039502745,0.00033836003284118426,-0.0050499755367914585,-0.002282083,1.0484721715373804,1.0129049044917258
2024-12-06,0.010849085945941455,0.00031900433923361956,0.010530081606707835,0.013145089,1.059512669066031,1.02621962976121
2024-12-09,0.006233428737489445,0.00031727566779085614,0.005916153069698588,-0.001653552,1.0657809081955105,1.0245227221831688
2024-12-10,0.0028067469400731566,0.0003352212017200986,0.002471525738353058,0.0073286295,1.0684150131415608,1.03203106962194
2024-12-11,0.0039873457957342465,0.00035618161368138117,0.0036311641820528655,-0.0017042756,1.0722946034688479,1.0302722042432204
2024-12-12,0.0071363294188197,0.00032354063358987185,0.0068127887852298275,0.009945154,1.0795999201178228,1.0405184201721558
2024-12-13,-0.012724324186875434,0.0002643347477788657,-0.0129886589346543,-0.023661435,1.0655773649695324,1.0158982615706929
2024-12-16,0.004257175098281774,0.00035078321142673703,0.003906391886855038,-0.0054255724,1.0697399277428656,1.0103864320062566
2024-12-17,-0.0009534234986061892,0.000326491608061676,-0.0012799151066678653,0.0026048422,1.0683707514491416,1.0130183292084822
2024-12-18,0.005596187799791109,0.00033063954009182427,0.005265548259699285,0.005063653,1.0739963092001483,1.0181479025023814
2024-12-19,-0.0015062621249836044,0.0003169290949072298,-0.001823191219890834,0.000905633,1.0720382085590194,1.0190699708139905
2024-12-20,-0.00854928228815959,0.00034240901723257464,-0.008891691305392165,-0.00449121,1.062505975740927,1.0144931135868538
2024-12-23,0.0010761827624354444,0.00033820552130879014,0.0007379772411266542,0.0014843941,1.0632900809695849,1.0159990211522547
2024-12-24,0.01723447554706582,0.0003351868644485332,0.016899288682617284,0.012741566,1.0812589270012536,1.0289444394358171
2024-12-25,0.002749683181163578,0.000307204635094966,0.002442478546068612,0.00048685074,1.0838998787331993,1.029445381796058
2024-12-26,-0.008536690820155936,0.00032040519655837977,-0.008857096016714316,0.00046420097,1.0742996734347543,1.0299232513444638
2024-12-27,-0.0012643015966221302,0.0003451333964050288,-0.001609434993027159,-0.0016176105,1.0725706579473309,1.0282572367256952
2024-12-30,0.005305547253295041,0.0003332529456239719,0.0049722943076710695,0.004526496,1.0779037949244175,1.0329116389263597
2024-12-31,-0.011615857328134804,0.00031210687855206127,-0.011927964206686865,-0.016038835,1.0650465970403071,1.0163449395297628
2025-01-02,-0.02288480182732175,0.0003280519643279506,-0.0232128537916497,-0.029101014,1.0403238261019163,0.9867682710761663
2025-01-03,-0.008798111375171584,0.00032349051019428597,-0.00912160188536587,-0.011841714,1.030834406328354,0.975083243048693
2025-01-06,-0.0003554388223535188,0.00031263225668438726,-0.0006680710790379061,-0.0016397238,1.030145735674209,0.97348437586976
2025-01-07,0.015717293270642314,0.0003105868116435223,0.015406706458998791,0.0072009563,1.0460168886337309,0.9804943943625527
2025-01-08,0.0061761226508351506,0.0003349863887770725,0.005841136262058078,-0.001815021,1.0521268158126544,0.9787147764090892
2025-01-09,-0.0038380035494823923,0.0003255522886750234,-0.004163555838157416,-0.0024648905,1.0477462270661957,0.9763023516740426
2025-01-10,-0.008161132700833683,0.0003243138098584338,-0.008485446510692116,-0.012540042,1.0388556324996459,0.9640594787884788
2025-01-13,-0.004068691609663912,0.00036304282486476004,-0.004431734434528672,-0.0026711226,1.034251700220593,0.9614843577742159
2025-01-14,0.02635714683936579,0.0003346166995731761,0.026022530139792614,0.026334286,1.0611655462617153,0.9868043615826173
2025-01-15,0.0020917112462926677,0.0003232865750364615,0.0017684246712562062,-0.0064153075,1.0630421375940116,0.9804737081391915
2025-01-16,0.015560109861987843,0.00035106801057275053,0.015209041851415092,0.0011458397,1.0792099899544967,0.9815971738301184
2025-01-17,0.003641496984223223,0.0003403240761153949,0.0033011729081078283,0.0031471252,1.0827726487354938,0.9846863830754562
2025-01-20,0.008625719696265037,0.0003657784529912748,0.008259941243273762,0.0045484304,1.091716287193873,0.9891651605968571
2025-01-21,-0.005797485607670753,0.00032967249649157077,-0.0061271581041623235,0.0007650852,1.0850271688973472,0.989921956241702
2025-01-22,-0.004772095652805275,0.0003230399058821883,-0.005095135558687463,-0.009286106,1.0794988083869563,0.9807294363878314
2025-01-23,0.0023738741417885893,0.0003555840539987294,0.00201829008778986,0.0017697811,1.0816775501317046,0.9824651128209909
2025-01-24,0.006845956309152101,0.00033074059503166933,0.006515215714120432,0.0076556206,1.088724912703934,0.989986492952875
2025-01-27,0.0013363614869363169,0.00033925694490667327,0.0009971045420296436,-0.004117012,1.089810485259412,0.9859107066578638
2025-02-05,-0.00825752221828832,0.00030596043886616756,-0.008563482657154488,-0.0057635903,1.080477912069308,0.9802283212369636
2025-02-06,0.014212108615988006,0.00036389651587352044,0.013848212100114487,0.012582064,1.0954405993651326,0.9925616163907336
2025-02-07,0.01661158909919189,0.0003519016177903942,0.016259687481401497,0.012977481,1.1132521211652486,1.0054425657979706
2025-02-10,0.0009763165989380894,0.00035437771800648317,0.0006219388809316062,0.0021476746,1.1139444959436808,1.007601929218626
2025-02-11,0.0022863922855939447,0.00033882895997409886,0.0019475633256198458,-0.0045936108,1.1161139733907568,1.0029733981511937
2025-02-12,0.004020876617645341,0.00033599610509722636,0.0036848805125481144,0.009456158,1.120226720021087,1.0124576727572958
2025-02-13,-0.0009332168429731047,0.0003406707471295896,-0.0012738875901026942,-0.0037552118,1.1187996771043507,1.0086556797270425
2025-02-14,0.009054179668207736,0.0003446910760325631,0.008709488592175173,0.008673191,1.1285438501290204,1.0174039431617172
2025-02-17,0.0037715148753229913,0.0003100326817358861,0.003461482193587105,0.0021299124,1.1324502845709241,1.0195709244120594
2025-02-18,-0.009255526661605363,0.0003418305493202623,-0.009597357210925625,-0.008770287,1.1215817546662827,1.0106289947504925
2025-02-19,0.0003884122008347703,0.00032857543506772697,5.9836765767043323e-05,0.0069975853,1.1216488664910254,1.0177009573445073
2025-02-20,-0.0021126306104364036,0.000332387293920374,-0.0024450179043567777,-0.0028577447,1.1189064149300534,1.0147926278338255
2025-02-21,0.023190479498854583,0.0003108320825010831,0.0228796474163535,0.012609124,1.1445065991955492,1.0275882740988396
2025-02-24,0.0017120527159043028,0.0003553969649859859,0.001356655750918317,-0.0021919012,1.146059300655312,1.025335902120574
2025-02-25,-0.00848454443143012,0.00034868513404735633,-0.008833229565477475,-0.011101484,1.135935895756973,1.0139531517022828
2025-02-26,0.012397492704562061,0.0003349635938097221,0.012062529110752339,0.008734822,1.14963815556749,1.0228098522758085
2025-02-27,0.009267148258303758,0.00034486151590670924,0.008922286742397048,0.0020656586,1.1598955568414635,1.0249226282119632
2025-02-28,-0.006820301371479682,0.00031427096076632746,-0.00713457233224601,-0.019674301,1.1516201980933274,1.004757991771674
2025-03-03,0.0007336905081115603,0.0003481703786200562,0.0003855201294915041,-0.00040614605,1.1520641708612214,1.0043499132826128
2025-03-04,-0.0017343253538056136,0.0003261997691839803,-0.002060525122989594,-0.00083583593,1.1496903136938657,1.0035104415350975
2025-03-05,0.008866005836594061,0.0003312204937877119,0.008534785342806349,0.004465699,1.1595026737319465,1.0079918173068998
2025-03-06,0.005518794837883337,0.00033955041061507584,0.005179244427268261,0.01375258,1.1655080214932754,1.0218543051002988
2025-03-07,-0.0015706988131584372,0.0003317536375949601,-0.0019024524507533973,-0.003091395,1.1632906979014128,1.0186953499116653
2025-03-10,-0.00485515053364226,0.000325473551848691,-0.00518062408549095,-0.0038564801,1.1572641260934373,1.014766771544752
2025-03-11,0.007175625935796757,0.0003327870515521206,0.006842838884244636,0.0032122135,1.1651830980548108,1.0180264190841344
2025-03-12,-0.007919711509829145,0.0003249897966126203,-0.008244701306441766,-0.0036002398,1.1555765114440344,1.0143612798998072
2025-03-13,0.004431516375802609,0.0003298975815701623,0.004101618794232446,-0.0039850473,1.1603162457815468,1.0103190021791448
2025-03-14,0.010892494796307814,0.0003168503384913838,0.01057564445781643,0.02428174,1.172587337855561,1.0348513056976631
2025-03-17,-0.00045688310691448095,0.0003538111301024065,-0.0008106942370168875,-0.0024384856,1.1716367280583624,1.0323278356673913
2025-03-18,0.003908613734059476,0.00033803432312096995,0.0035705794109385063,0.0027347803,1.1758201500366667,1.0351510255074752
2025-03-19,0.0039008897348832066,0.0003393149857638397,0.003561574749119367,0.00061130524,1.180007921392543,1.0357838187502637
2025-03-20,-0.0013404690011586146,0.0003279158560462654,-0.00166838485720488,-0.008772731,1.17803921404511,1.0266971661130622
2025-03-21,-0.01091990245904469,0.0003252855460486809,-0.01124518800509337,-0.015167356,1.1647919416058004,1.0111248851653694
2025-03-24,0.010298275554541872,0.00033519975418695085,0.009963075800354921,0.0051472187,1.1763968520116614,1.0163293660865986
2025-03-25,0.007038443227950254,0.000339744775390063,0.006698698452560191,-0.0006480217,1.1842771797838285,1.0156707626050618
2025-03-26,-0.0073095536957917765,0.00033224667489890647,-0.007641800370690683,-0.0032907128,1.1752271699923558,1.0123284817920435
2025-03-27,0.0012063861096844675,0.0003314275277107436,0.0008749585819737239,0.0033295155,1.1762554450905092,1.0156990451198866
2025-03-28,-0.0002897434092932528,0.000335076952707148,-0.0006248203620004008,-0.004384041,1.1755204967375028,1.01124617903253
2025-03-31,-0.0014066614161466011,0.0003353309128183102,-0.0017419923289649112,-0.00711596,1.173472749049645,1.0040501915498643
2025-04-01,0.0027906697089110743,0.000328356094679763,0.0024623136142313115,9.512901e-05,1.1763622069755593,1.0041457058536507
2025-04-02,0.002700343585704453,0.00033610120592764543,0.0023642423797768076,-0.00084626675,1.1791434123592586,1.003295930734125
2025-04-03,-0.008637152680787056,0.00033137869922518726,-0.008968531380012242,-0.005892813,1.16856822766398,0.9973836952242507
2025-04-07,-0.06214927523836554,0.00022336921953294088,-0.06237264445789848,-0.07045448,1.0956815370750979,0.9271135473483504
2025-04-08,0.014760211136876807,0.0003034470388639504,0.014456764098012857,0.017083406,1.1115215465831407,0.9429518049014871
2025-04-09,0.0013793796757049694,0.00031293039053250044,0.001066449285172469,0.009869218,1.1127069279419481,0.9522580017074398
2025-04-10,0.02844093142186708,0.0003332715248520612,0.028107659897015018,0.013108969,1.1439825158375927,0.9647411220792298
2025-04-11,0.008208097029385377,0.0003069906572697256,0.007901106372115652,0.0041229725,1.153021243383066,0.9687187231839938
2025-04-14,0.0037700277031230346,0.00035394356092923314,0.0034160841421938017,0.002298355,1.1569600609681994,0.9709451828043488
2025-04-15,-0.00029844467366878783,0.0003028554775710058,-0.0006013001512397936,0.0005559921,1.1562643807085609,0.971485020681217
2025-04-16,-0.010926305859031397,0.00034514006371875913,-0.011271445922750156,0.003081441,1.143231609269002,0.9744785943825497
2025-04-17,-0.0014804338490709513,0.0003301822475107611,-0.0018106160965817124,-0.00015902519,1.1411616557151385,0.974323627736724
2025-04-18,0.012596601141640506,0.0003322247396049051,0.0122643764020356,7.9512596e-05,1.155157291796399,0.9744010987378365
2025-04-21,0.025364960617677436,0.00034236719512052905,0.025022593422556905,0.003276348,1.1840623230481224,0.9775935759399791
2025-04-22,-0.012975848434575407,0.00032169634547082383,-0.01329754478004623,-0.00024569035,1.1683172012850245,0.9773533906362896
2025-04-23,0.020653754754577393,0.00028264178464806915,0.020371112969929325,0.00077438354,1.1921171229771135,0.9781102370195719
2025-04-24,-0.008242947874990329,0.0003556536689227454,-0.008598601543913075,-0.00066548586,1.181866582842957,0.9774593184883732
2025-04-25,0.0029512133231248405,0.0003241540594549798,0.002627059263669861,0.00069499016,1.1849714163978367,0.9781386430946473
2025-04-28,-0.004272935360727215,0.0003112961906950025,-0.004584231551422217,-0.0014179945,1.1795392330432524,0.9767516478792777
2025-04-29,0.0009820149399773525,0.0003456719514471341,0.0006363429885302184,-0.0017294288,1.180289824563896,0.9750624254800896
2025-04-30,-0.001984306581637975,0.0003418705199571265,-0.0023261771015951017,-0.0011946559,1.1775442614007496,0.9738975614052695
2025-05-06,0.012419360295880595,0.0003573883714879109,0.012061971924392685,0.0100700855,1.1917477672214951,0.9837047931417088
2025-05-07,0.011887726009143035,0.0003250367161002154,0.01156268929304282,0.006062746,1.2055275763695548,0.9896687454887014
2025-05-08,0.0034054298460422915,0.0003304132256204993,0.0030750166204217924,0.0055511,1.209234593703268,0.995162495441307
2025-05-09,0.006902857304756996,0.0003503028689307446,0.006552554435826251,-0.0017493367,1.2171581692041928,0.9934216211461494
2025-05-12,0.003914178410945411,0.00032929342849953266,0.0035848849824458785,0.011556983,1.2215215412462341,1.0049025779276863
2025-05-13,0.007543680234637472,0.00033218498126555353,0.007211495253371919,0.0014522076,1.2303305380428229,1.00636190505375
2025-05-14,0.009746519241941802,0.00032529998629871976,0.009421219255643083,0.012050033,1.2419217517986376,1.018488598832807
2025-05-15,-0.0030159787886456704,0.0003403349870706861,-0.0033563137757163563,-0.009132087,1.2377534727147141,1.0091876721048103
2025-05-16,-0.0029145996946112447,0.00032369141266157367,-0.0032382911072728186,-0.004635036,1.233745266651026,1.0045100509222562
2025-05-19,-0.0014862375006824968,0.00033596527169309497,-0.0018222027723755918,-0.003070116,1.2314971326057293,1.001426088499474
2025-05-20,0.005068685471085282,0.00033056438617804347,0.004738121084907238,0.0054215193,1.2373321151357315,1.006855339345248
2025-05-21,0.005487032369426544,0.00033731528038890456,0.00514971708903764,0.0046714544,1.243704025473861,1.0115588181802253
2025-05-22,0.00483235221382661,0.0003263631142379194,0.004505989099588691,-0.00064086914,1.2493081422557606,1.0109105413497266
2025-05-23,-0.00808111347085651,0.00033417921870479677,-0.008415292689561305,-0.008073866,1.2387948485792262,1.0027485847295334
2025-05-26,-0.004717650149329778,0.0003273580120614531,-0.005045008161391231,-0.005708039,1.2325451184578546,0.9970248568943179
2025-05-27,0.0004502872680979059,0.0003288707500138063,0.0001214165180840996,-0.0053651333,1.2326947697945192,0.9916756856481009
2025-05-28,0.000777517284411539,0.00033393966842331984,0.0004435776159882191,-0.00082302094,1.2332415656017457,0.990859515798024
2025-05-29,-0.0019197678047352125,0.000327985861193354,-0.0022477536659285665,0.005854726,1.230469542351689,0.996660726606705
2025-05-30,0.005053994951421668,0.0003368247597220627,0.0047171701916996055,-0.0047866106,1.2362738765986647,0.9918900998048042
2025-06-03,0.002608458918221497,0.0003331942877900099,0.002275264630431487,0.0030674934,1.2390867268236163,0.9949327161778875
2025-06-04,-0.001631370917121303,0.0003328083372774992,-0.0019641792543988023,0.0043432713,1.2366529383803884,0.9992539788452126
2025-06-05,-0.0007799013158465768,0.0003313347346181488,-0.0011112360504647255,0.0022797585,1.235278725053347,1.0015320365505478
2025-06-06,0.003862076533029822,0.00033367358160366805,0.003528402951426154,-0.00092321634,1.2396372861526592,1.0006074058064403
2025-06-09,-0.0013064837486768811,0.0003303114981691333,-0.0016367952468460145,0.0029091835,1.2376082537348714,1.0035183563635888
2025-06-10,4.6277800923051463e-05,0.0003286103934168748,-0.0002823325924938233,-0.0050911307,1.2372588365881028,0.9984093132178847
2025-06-11,0.007305120460788921,0.00033835176043934574,0.006966768700349575,0.007543683,1.2458785327250756,1.0059409966330284
2025-06-12,-0.003663865942896339,0.00032934629483512924,-0.003993212237731468,-0.0006239414,1.240903475321471,1.0053133483776353
2025-06-13,-0.0036306277371741806,0.0003311348893754543,-0.003961762626549635,-0.0071989894,1.2359873103097867,0.9980761082477054
2025-06-16,0.0034756388771991394,0.000328330536234039,0.0031473083409651005,0.0024895668,1.2398773434808517,1.000560885393645
2025-06-17,-0.00014958707206358908,0.00033236939283936076,-0.00048195646490294987,-0.000882864,1.2392797765794745,0.9996775262097106
2025-06-18,0.005638772921415455,0.00033191515897104494,0.00530685776244441,0.001185894,1.2458564580816558,1.0008630378024248
2025-06-19,-0.006024245093597658,0.0003352946404415573,-0.006359539734039216,-0.0082271695,1.237933384433576,0.9926287679304251
2025-06-20,0.0025693043424509215,0.00033107597634988035,0.002238228366101041,0.0009237528,1.2407041620499588,0.993545711519003
2025-06-23,0.0035558538552263068,0.00033376293231062186,0.003222090922915685,0.002927184,1.2447018236685237,0.9964540027332722
2025-06-24,0.008924964503317128,0.00033856125504132934,0.008586403248275799,0.011957288,1.255389335450406,1.0083688900118482
2025-06-25,0.006520699873456193,0.0003303542122226612,0.006190345661233532,0.014354348,1.2631606293762703,1.022843368155659
2025-06-26,-0.0006840780990969472,0.00032693380558288405,-0.0010110119046798313,-0.0035479069,1.261883558942448,1.0192144151371072
2025-06-27,-0.007647154263262052,0.00033081868019701213,-0.007977972943459064,-0.006147921,1.2518162860514093,1.0129483653437854
2025-06-30,-0.0023929953165706024,0.00033500664863492555,-0.0027280019652055278,0.0036514997,1.2484013287629847,1.016647146044808
2025-07-01,0.005571726516172695,0.00032756350806612954,0.005244163008106565,0.0016970634,1.2549481488305547,1.0183724607538867
2025-07-02,-0.0012998918861933993,0.0003286076069377848,-0.0016284994931311842,0.00023329258,1.2529044664062783,1.0186100394923014
2025-07-03,0.00028642697150528507,0.00031661186656720613,-3.018489506192106e-05,0.006184578,1.2528666476164372,1.024909712673938
2025-07-04,0.0039252415173042,0.00034884845342625614,0.0035763930638779435,0.00356102,1.2573473912049367,1.0285594365538708
2025-07-07,-0.003195653480101956,0.0003293529296814551,-0.0035250064097834114,-0.004276514,1.252915233591615,1.024160787668748
2025-07-08,0.0049905651493260044,0.0003318659888095182,0.004658699160516486,0.008393168,1.2587521887385464,1.0327567416789238
2025-07-09,-0.004483913612796705,0.0003383333770159504,-0.004822246989812655,-0.0017632246,1.252682174785482,1.0309357595843769
2025-07-10,-0.002774532450037463,0.0003336515651221639,-0.003108184015159627,0.004664898,1.2487886080737383,1.0357449696635768
2025-07-11,0.008328521376347897,0.00033993927052780555,0.007988582105820092,0.0011945963,1.2587646584021481,1.0369822667623325
2025-07-14,0.00716703827973601,0.0003418502591004385,0.006825188020635572,0.0007123947,1.267355963869474,1.0377210074480543
2025-07-15,-0.00278991037699653,0.000335344309298453,-0.003125254686294983,0.00034594536,1.263395153704187,1.0380800022137668
2025-07-16,-0.0026364679957635176,0.0003331328597780759,-0.0029696008555415935,-0.0029509664,1.25964337437486,1.0350166630501296
2025-07-17,-0.001483312566312576,0.00032394154783440393,-0.00180725411414698,0.0068101883,1.2573668787041632,1.0420653214123665
2025-07-18,0.007320712293167264,0.000331680268619562,0.006989032024547702,0.005963564,1.266154656086032,1.0482797445644527
2025-07-21,0.006486323737266669,0.000332226210824155,0.0061540975264425144,0.006667495,1.2739466953231446,1.0552691442828845
2025-07-22,0.003653347020489183,0.0003362198649125997,0.0033171271555765833,0.008162856,1.278172538500958,1.0638831544565355
2025-07-23,0.0016912860809179862,0.000342742933464959,0.0013485431474530272,0.00019657612,1.2798962093190158,1.0640922884775434
2025-07-24,-0.007322106511487565,0.0003316623559436712,-0.007653768867431236,0.0071048737,1.2701001795585867,1.0716525297468056
2025-07-25,4.310793127252597e-05,0.00034300970352588346,-0.0002999017722533575,-0.0052734613,1.2697192742637977,1.0660012115592816
2025-07-28,0.0013138774695659594,0.0003178720706452584,0.000996005398920701,0.0020982027,1.270983921516078,1.0682378981853171
2025-07-29,-0.004677247355676784,0.0003386218882071525,-0.0050158692438839365,0.003916979,1.2646088323546745,1.0724221634243858
2025-07-30,0.009841164507785514,0.0003336802301667059,0.009507484277618808,-0.00018793344,1.2766320809456244,1.072220619432744
2025-07-31,-0.018015093340941046,0.0003247193810506346,-0.01833981272199168,-0.018223405,1.2532188876661952,1.052681108959485
2025-08-01,0.002355716692960229,0.00032889641091918823,0.0020268202820410406,-0.005069196,1.255758937125554,1.0473448618566477
2025-08-04,0.006427329100889444,0.00032843115504539895,0.006098897945844045,0.0038890839,1.2634176827276644,1.0514180738571621
2025-08-05,0.010915787536819432,0.00034099560868651853,0.010574791928132914,0.0080451965,1.2767780618408333,1.059876938899905
2025-08-06,0.0050888783620894745,0.0002719463209350554,0.004816932041154419,0.0024467707,1.2829282149963575,1.0624702147057266
2025-08-07,0.0009546910356468818,0.00032175720150596506,0.0006329338341409167,0.00028681755,1.2837402236704025,1.0627749498103567
2025-08-08,-0.0005095594663217898,0.00032719473669534405,-0.0008367542030171338,-0.002357483,1.2826660486426642,1.0602694760288367
2025-08-11,-0.0013595233519545712,0.00032561897378183415,-0.0016851423257364054,0.0042728186,1.2805045737943115,1.0647998151303064
2025-08-12,0.002964720260290606,0.00033355602422574266,0.0026311642360648635,0.0051715374,1.2838737916329965,1.070306467197012
2025-08-13,0.0013213265520103728,0.0003386301940972742,0.0009826963579130986,0.0079033375,1.2851354497320544,1.0787654604128385
2025-08-14,-0.0021134395439097024,0.0003197172499123846,-0.0024331567938220867,-0.0007829666,1.2820085136815573,1.0779208230732475
2025-08-15,0.0049805513154301114,0.0003501663726583904,0.004630384942771721,0.0069584846,1.2879447065998137,1.0854215185741496
2025-08-18,-0.001080136650048613,0.00034098900268398366,-0.0014211256527325968,0.008818865,1.2861143753379636,1.094993704221766
2025-08-19,-4.737508167517596e-05,0.0003273971570860904,-0.00037477223876126634,-0.003783524,1.2856323753742152,1.090850769222128
2025-08-20,0.007303182603968402,0.0003306669241336158,0.006972515679834787,0.011372447,1.2945964672700152,1.1032564117951298
2025-08-21,0.0034737558138283977,0.00033750869609416287,0.0031362471177342347,0.0039026737,1.2986566417091199,1.1075620616013133
2025-08-22,0.0035015867732339214,0.0003281446626454557,0.0031734421105884657,0.020972133,1.302777853383115,1.130790000111652
2025-08-25,0.018969310510170014,0.00032666295386931873,0.018642647556300695,0.020835996,1.3270650817478902,1.1543511356623315
2025-08-26,0.003509047805758537,0.00034365353814239027,0.003165394267616147,-0.0037209988,1.3312657659504086,1.150055796513266
2025-08-27,-0.018705890216315173,0.00032604420179244413,-0.01903193441810762,-0.014926076,1.3059292031997687,1.1328899763646039
2025-08-28,0.0036868699466990826,0.0003304787845594586,0.003356391162139624,0.017703533,1.3103124124357686,1.152946131642089
2025-08-29,0.003382714842659889,0.0003273807994182962,0.003055334043241593,0.0073883533,1.3143158545567655,1.161464505053615
2025-09-01,0.00555371402735246,0.0003376752630782508,0.005216038764274209,0.005993247,1.3211713770026337,1.1684254487514931
2025-09-02,0.0007401089108441019,0.00034484152949676954,0.0003952673813473324,-0.0073522925,1.3216935929531326,1.1598348430437913
2025-09-03,-0.011830301946051159,0.00033509594447943074,-0.01216539789053059,-0.00681901,1.3056146645054927,1.1519259179048658
2025-09-04,0.0057697232827534,0.00032042637164108066,0.0054492969111123194,-0.021216035,1.3127293464638856,1.127486617440798
2025-09-05,0.01572564892971287,0.0003500781849380079,0.015375570744774863,0.02178824,1.3329133093991832,1.152052565871039
2025-09-08,0.010984381124723587,0.00033719401561872086,0.010647187109104866,0.0016254187,1.3471050868045726,1.1539251336123915
2025-09-09,-0.0007363901115735311,0.0003235521428702098,-0.001059942254443741,-0.007008195,1.3456772332018925,1.1458382013490245
2025-09-10,-0.004846845859849019,0.00032643040038795093,-0.00517327626023697,0.0020512342,1.3387156731174277,1.1481885839072048
2025-09-11,0.007271607250910267,0.00033750277633426586,0.006934104474576001,0.023095965,1.3479984674565764,1.1747071076970796
2025-09-12,-0.004534510866356496,0.00033405284743027796,-0.004868563713786775,-0.005723357,1.3414356510316772,1.167983839313619
2025-09-15,-0.0031741642368721523,0.00033398537778671545,-0.0035081496146588675,0.002445817,1.3367296940694207,1.1708405140361948
2025-09-16,-0.004552474203371573,0.00033327383496745464,-0.004885748038339028,-0.0021442175,1.3301987695888313,1.1683299773266516
2025-09-17,0.0033565275760952655,0.0003398831707511744,0.003016644405344091,0.0061192513,1.334211506265107,1.1754792820022464
2025-09-18,-0.01632114892895361,0.00031872653419097495,-0.016639875463144584,-0.011625946,1.312010392959361,1.161813223853277
2025-09-19,0.0018072619153867426,0.0003207837032869254,0.0014864782120998172,0.000846982,1.3139606678225435,1.1627972587438664
2025-09-22,-0.0056090913632516936,0.00032939227767712047,-0.005938483640928814,0.0045958757,1.3061577338918553,1.1681413304559254
2025-09-23,0.002983884372937715,0.00034102933302900223,0.002642855039908713,-0.00062572956,1.309609719441787,1.167410389894206
2025-09-24,0.0063160342022918845,0.0003303260882762893,0.005985708114015595,0.010241628,1.3174486609656435,1.1793665724726483
2025-09-25,0.002695201347665802,0.00033195277872732584,0.0023632485689384763,0.006005168,1.3205621196283204,1.1864488668280777
2025-09-26,-0.001872644611335722,0.0003369880442197169,-0.002209632655555439,-0.009456813,1.3176441624451,1.1752288413624656
2025-09-29,0.0027995003100907056,0.0003343264731895287,0.002465173836901177,0.015384436,1.3208923843607054,1.193309073850763
2025-09-30,0.01168001950673069,0.0002778842404929981,0.011402135266237692,0.0044674873,1.3359533779993293,1.1986401670251765
2025-10-09,0.008868853912988452,0.00033517217706576386,0.008533681735922689,0.014823198,1.3473539789412066,1.2164078479334883
2025-10-10,-0.003193094277859996,0.00033780787607741816,-0.003530902153937414,-0.01967305,1.342596603874847,1.1924773961898212
2025-10-13,-0.011042747630195611,0.0003298997347135827,-0.011372647364909194,-0.0049492717,1.3273277261456535,1.1865755015851012
2025-10-14,-0.0023776670740515604,0.0003326584800769679,-0.002710325554128528,-0.011954844,1.3237302358907777,1.1723901765718556
2025-10-15,0.010458949510693271,0.00033717389374627877,0.010121775616946993,0.014811516,1.3371287363158324,1.1897550522054172
2025-10-16,-0.0030290153733085346,0.0003291727352612642,-0.0033581881085697988,0.0026333332,1.3326384064939096,1.1928880736916063
2025-10-17,-0.018096809031922633,0.0003149913254099334,-0.018411800357332565,-0.022559702,1.3081021342050299,1.1659768737569174
2025-10-20,0.0036642661947872816,0.00031916427656522616,0.0033451019182220553,0.00531435,1.3124778691633894,1.1721732831054152
2025-10-21,0.003084600276267581,0.00034175364833126447,0.002742846627936317,0.015347362,1.3160777946610651,1.1901630502976408
2025-10-22,-0.0019840729090307685,0.00032200547276653874,-0.0023060783817973073,-0.003320396,1.3130428161100338,1.1862112377297553
2025-10-23,0.0070146630886457045,0.0003223737927639836,0.006692289295881721,0.0029982328,1.3218300784933212,1.1897677752196631
2025-10-24,-0.0060662811514196726,0.00034532334888271853,-0.006411604500302391,0.011796832,1.3133550268134184,1.203803265883664
2025-10-27,0.007406631526792029,0.00033208412575903314,0.0070745474010329955,0.011873841,1.322646419204995,1.2180970348019806
2025-10-28,-0.003382421263816114,0.00032216192398653085,-0.003704583187802645,-0.005099654,1.3177465655170006,1.2118851611452555
2025-10-29,-0.0033029617046188425,0.0003371900924933835,-0.003640151797112226,0.0119075775,1.3129497679883955,1.2263157776404447
2025-10-30,0.005329634547423583,0.0003522959110527963,0.004977338636370786,-0.00798893,1.3194847635962181,1.216518827043355
2025-10-31,0.0033807025197616475,0.00031118677650299035,0.003069515743258657,-0.014700949,1.3235349428510668,1.1986348455758218
2025-11-03,0.011153665042295752,0.00036061638395053317,0.010793048658345218,0.0027432442,1.3378199198902785,1.2019229936292761
2025-11-04,0.005614123491817437,0.00033009425371583536,0.005284029238101602,-0.0074569583,1.3448889994622935,1.1929603039932855
2025-11-05,-0.0009847139906176518,0.00034449300158815124,-0.001329206992205803,0.0018533468,1.3431013636004674,1.1951712731846202
2025-11-06,0.01647664150504181,0.0003326822336232365,0.016143959271418575,0.014293551,1.36478433731182,1.2122545152634796
2025-11-07,-0.0032301590881847076,0.0003354949876715731,-0.0035656540758562806,-0.0031129122,1.3599179884768193,1.2084808734200325
2025-11-10,0.008680555036475841,0.00033971738004133815,0.008340837656434502,0.0034753084,1.3712608436447693,1.2126807171727523
2025-11-11,-0.004870023243848633,0.0003396671828853152,-0.005209690426733949,-0.009133041,1.3641169991550781,1.2016052545781102
2025-11-12,-0.00017683866002016953,0.0003234573524367747,-0.0005002960124569442,-0.0013455749,1.3634345368598761,1.1999884047609475
2025-11-13,0.0059638214529414224,0.0003341631698411461,0.005629658283100277,0.01208806,1.3711102073937744,1.2144939370518317
2025-11-14,-0.013370349442601922,0.00032545516886102005,-0.013695804611462942,-0.015722811,1.352331749892527,1.1953986781492094
2025-11-17,-0.008982070284739506,0.0003358870497583747,-0.00931795733449788,-0.006501496,1.3397307803449414,1.187626798618274
2025-11-18,-0.006913145696851531,0.00033170661371670975,-0.007244852310568241,-0.006494105,1.33002462870542,1.1799142256508726
2025-11-19,0.00418986029414682,0.0003261456237827103,0.0038637146703641096,0.004400015,1.3351634643752948,1.1851058657976972
2025-11-20,-0.00043233645904538516,0.0003291039331655959,-0.0007614403922109811,-0.005086899,1.334146816983315,1.1790773521867
2025-11-21,-0.01093713768504739,0.00032515840861586286,-0.011262296093663252,-0.024390101,1.3191212604980307,1.1503195359697487
2025-11-24,-0.004648994455963378,0.0003349461126235854,-0.004983940568586963,-0.0012484789,1.312546838532949,1.1488833863129508
2025-11-25,0.000883568510494695,0.0003283030431164847,0.0005552654673782102,0.009521008,1.3132756504667027,1.1598219136941377
2025-11-26,-0.00043890206827923114,0.0003361266650220661,-0.0007750287333012972,0.0060640574,1.3122578241028462,1.1668551402947498
2025-11-27,0.00559111445937022,0.00032940178684904274,0.005261712672521178,-0.00049358606,1.3191625477255433,1.1662791968595112
2025-11-28,-0.0014615736546758477,0.00033131488559224145,-0.0017928885402680892,0.00249362,1.3167974363109753,1.1691874538957092
2025-12-01,0.012627188581511482,0.0003350294368711722,0.01229215914464031,0.011008143,1.3329837199593642,1.1820580370788896
2025-12-02,0.005724968067757894,0.0003426672379093431,0.0053823008298485514,-0.004842043,1.3401582393414762,1.1763344613259077
2025-12-03,-0.0017543620819914854,0.00033065441456106543,-0.0020850164965525507,-0.0051116347,1.3373639873044583,1.1703214692377777
2025-12-04,-0.0010671863760986782,0.00031969525068161234,-0.0013868816267802904,0.0034252405,1.335509221762148,1.174330101751731
2025-12-05,-0.0022219784623911474,0.00033324700327469947,-0.002555225465665847,0.008351326,1.3320966945890698,1.1841373152498844
2025-12-08,0.0022224335925487364,0.00033630927203299554,0.001886124320515741,0.0081163645,1.3346091945620129,1.1937482052937138
2025-12-09,-0.00661718913311867,0.00032887841714942064,-0.00694606755026809,-0.0050911307,1.3253389089433762,1.1876706771176946
2025-12-10,0.002657991588595929,0.0003250888042309751,0.002332902784364954,-0.0013896227,1.3284307957742776,1.186020262998551
2025-12-11,-0.004055622298684561,0.00033430755081878836,-0.004389929849503349,-0.008634865,1.3225990777709085,1.1757791378035045
2025-12-12,0.006969279602750817,0.0003291370386838899,0.006640142564066928,0.0063199997,1.3313813242024108,1.1832100615956034
2025-12-15,0.0006344812181832485,0.0003280221741561809,0.0003064590440270676,-0.0063064694,1.3317893380502615,1.1757481835005057
2025-12-16,-0.00631633918015593,0.00033753900485961703,-0.0066538781850155465,-0.011974812,1.3229277740267726,1.1616688205681822
2025-12-17,0.016988368509661973,0.00032045760239268127,0.016667910907269292,0.01830554,1.3449782163010031,1.1829337957284005
2025-12-18,-0.0019076486361343976,0.00034326958486732227,-0.0022509182210017197,-0.0059150457,1.3419507803270807,1.1759366882213806
2025-12-19,0.0025569681411362235,0.0003328348595398165,0.002224133281596407,0.0033804178,1.3449354577198704,1.1799118455618947
2025-12-22,0.0038482146538731574,0.000346250693478543,0.0035019639603946144,0.009509206,1.3496453732218623,1.1911318701486469
2025-12-23,0.0021912702766664536,0.000335269894396312,0.0018560003822701416,0.0019755363,1.352150315550491,1.1934849944515233
2025-12-24,0.001966746869420062,0.0003433380305742072,0.001623408838845855,0.0028847456,1.354345408324204,1.1969278950353548
2025-12-25,0.0018319916357362692,0.0003326607750110222,0.001499330860725247,0.0018299818,1.3563760201909858,1.1991182513038428
2025-12-26,0.0004957732271977543,0.00032278090973852946,0.00017299231745922488,0.003166318,1.3566106628220647,1.2029150409348377
2025-12-29,0.006983294965897856,0.0003303295701279804,0.0066529653957698755,-0.0038371086,1.3656361466173523,1.1982993252716894
2025-12-30,0.0007581878440150444,0.0003448306190070915,0.0004133572250079529,0.002567172,1.3662006421852888,1.2013755658076313
2025-12-31,-0.0013566155449497832,0.0003362859958848445,-0.0016929015408346276,-0.004588008,1.363887799013044,1.1958636451884728
